s2s3_token,s1_token,probability,support
इंटरनेशनल,international,1.0,1900
ग्लोबल,global,1.0,1891
टेक,tech,1.0,1878
श्री,shree,0.5189,1399
लक्ष्मी,lakshmi,0.508,1370
जय,jai,0.5049,1317
इंजीनियरिंग,engineering,1.0,1267
इंफोटेक,infotech,1.0,1262
आईटी,it,1.0,1257
इंफ्रा,infra,1.0,1253
इंफ्रास्ट्रक्चर,infrastructure,1.0,1249
कंसल्टेंट्स,consultants,1.0,1248
प्रोड्यूसर,producer,1.0,1244
मैनेजमेंट,management,1.0,1241
हॉस्पिटैलिटी,hospitality,1.0,1240
सॉफ्टवेयर,software,1.0,1235
फाउंडेशन,foundation,1.0,1232
डेवलपर्स,developers,1.0,1231
बिजनेस,business,1.0,1229
कंसल्टिंग,consulting,1.0,1225
सिस्टम्स,systems,1.0,1223
ट्रेडिंग,trading,1.0,1221
हेल्थकेयर,healthcare,1.0,1214
लॉजिस्टिक्स,logistics,1.0,1214
मार्केटिंग,marketing,1.0,1213
सर्विसेज,services,1.0,1210
कंस्ट्रक्शन,construction,1.0,1205
प्रॉपर्टीज,properties,1.0,1204
सॉल्यूशंस,solutions,1.0,1204
फाइनेंस,finance,1.0,1202
बिल्डर्स,builders,1.0,1202
एंटरप्राइजेज,enterprises,1.0,1201
एनर्जी,energy,1.0,1200
प्रोडक्ट्स,products,1.0,1198
एग्रो,agro,1.0,1196
एक्सपोर्ट्स,exports,1.0,1193
इम्पेक्स,impex,1.0,1192
वेंचर्स,ventures,1.0,1188
कंसल्टेंसी,consultancy,1.0,1187
फूड,food,1.0,1186
मीडिया,media,1.0,1184
कंस्ट्रक्शंस,constructions,1.0,1183
पावर,power,1.0,1179
इन्वेस्टमेंट्स,investments,1.0,1179
एस्टेट,estate,1.0,1175
इन्वेस्टमेंट,investment,1.0,1159
प्रोजेक्ट्स,projects,1.0,1158
टेक्नोलॉजी,technology,1.0,1153
इंडस्ट्रीज,industries,1.0,1146
फूड्स,foods,1.0,1139
केयर,care,1.0,1135
टेक्नोलॉजीज,technologies,1.0,1132
क्लासिक,classic,1.0,781
ईस्ट,east,1.0,741
इनोवेटिव,innovative,1.0,737
ईस्टर्न,eastern,0.9986,729
इंडो,indo,1.0,729
विजन,vision,1.0,727
होटल,hotel,1.0,722
डायनामिक,dynamic,1.0,719
स्टार,star,1.0,716
हाई,high,1.0,712
सदर्न,southern,1.0,710
बालाजी,balaji,1.0,707
सुपर,super,1.0,707
तिरुपति,tirupati,1.0,706
सेवन,seven,1.0,704
इंडियन,indian,1.0,703
यूनिवर्सल,universal,1.0,702
गोल्ड,gold,1.0,701
रॉयल,royal,1.0,700
सिटी,city,1.0,700
अरिहंत,arihant,1.0,699
पायोनियर,pioneer,1.0,697
स्मार्ट,smart,1.0,694
बिग,big,1.0,692
भारत,bharat,1.0,691
यूनिक,unique,1.0,691
बॉम्बे,bombay,1.0,690
जैन,jain,1.0,690
फॉर्च्यून,fortune,1.0,688
ब्लू,blue,1.0,688
श्याम,shyam,1.0,686
सिल्वर,silver,1.0,685
गोल्डन,golden,1.0,684
आदित्य,aditya,1.0,684
रियल,real,1.0,683
ब्राइट,bright,1.0,682
शिवा,shiva,1.0,681
साउथ,south,1.0,680
ऑल,all,1.0,680
एस,ace,1.0,680
शिवम,shivam,1.0,679
लोटस,lotus,1.0,678
आनंद,anand,1.0,678
मॉडर्न,modern,1.0,677
राम,ram,1.0,676
स्वस्तिक,swastik,1.0,675
राज,raj,1.0,675
शक्ति,shakti,1.0,674
डिजिटल,digital,1.0,674
अर्बन,urban,1.0,673
प्रीमियर,premier,1.0,672
सन,sun,1.0,672
क्रिएटिव,creative,1.0,670
बेस्ट,best,1.0,670
रेड,red,0.9985,668
नॉर्थ,north,1.0,667
बाबा,baba,1.0,666
स्काई,sky,1.0,665
गुजरात,gujarat,1.0,665
ड्रीम,dream,1.0,664
फ्यूचर,future,1.0,664
ग्रेट,great,1.0,660
यूनाइटेड,united,1.0,658
प्राइम,prime,1.0,658
वन,one,1.0,655
हरि,hari,1.0,655
अल,al,1.0,655
गैलेक्सी,galaxy,1.0,654
परफेक्ट,perfect,1.0,652
एसएस,ss,1.0,651
ग्रीन,green,1.0,649
सनराइज,sunrise,1.0,649
माय,my,1.0,648
सुप्रीम,supreme,1.0,648
गुरु,guru,1.0,647
व्हाइट,white,1.0,646
लाइफ,life,1.0,641
न्यू,new,1.0,638
गुड,good,1.0,637
एपेक्स,apex,1.0,637
हाईटेक,hitech,1.0,634
अल्फा,alpha,1.0,632
शिव,shiv,1.0,629
विजय,vijay,1.0,627
फर्स्ट,first,1.0,624
ब्लैक,black,1.0,623
lndia,india,0.9768,603
ಕನ್,construction,0.5612,376
ఇన్వెస్ట్,investment,0.5109,366
सूर्य,surya,1.0,355
కన్,constructions,0.5155,355
कृष्णा,krishna,1.0,352
మెంట్,investment,0.5389,347
ఇన్,infrastructure,0.5351,342
कृष्ण,krishna,1.0,338
साईं,sai,1.0,333
ओम,om,1.0,333
माँ,maa,1.0,333
కేర్,care,0.5271,332
ॐ,om,1.0,329
ಇನ್ವೆಸ್ಟ್,investment,0.5474,327
ಮೆಂಟ್,investment,0.5508,325
मां,maa,1.0,322
ಕೇರ್,healthcare,0.5016,321
सूर्या,surya,1.0,314
साई,sai,1.0,305
గ్లోబల్,global,1.0,288
ಟೆಕ್,tech,1.0,274
ఇంటర్నేషనల్,international,1.0,271
ನ್ಯಾಷನಲ್,international,0.9963,269
ಇಂಟರ್,international,0.9963,269
టెక్,tech,1.0,261
ಗ್ಲೋಬಲ್,global,1.0,248
குளோபல்,global,1.0,246
গ্লোবাল,global,1.0,242
ટેક,tech,1.0,231
டெக்,tech,1.0,223
ইন্টারন্যাশনাল,international,1.0,217
இன்டர்நேஷனல்,international,1.0,212
ಸ್ಟ್ರಕ್ಷನ್,construction,1.0,211
টেক,tech,1.0,208
ઇન્ટરનેશનલ,international,1.0,205
సాఫ్ట్,software,1.0,205
వేర్,software,1.0,205
ಸನ್,sunrise,0.5343,204
సన్,sun,0.5369,203
ગ્લોબલ,global,1.0,201
ఇండస్ట్రీస్,industries,1.0,197
డెవలపర్స్,developers,1.0,196
జై,jai,0.5051,196
எண்டர்பிரைசஸ்,enterprises,1.0,188
కన్సల్టెన్సీ,consultancy,1.0,186
సర్వీసెస్,services,1.0,186
ಇಂಜಿನಿಯರಿಂಗ್,engineering,1.0,185
ఫుడ్,food,1.0,185
ಟ್ರೇಡಿಂಗ್,trading,1.0,184
ఫ్రాస్ట్రక్చర్,infrastructure,1.0,183
ప్రొడ్యూసర్,producer,1.0,183
ಕನ್ಸಲ್ಟೆಂಟ್ಸ್,consultants,1.0,183
స్ట్రక్షన్స్,constructions,1.0,183
ಶ್ರೀ,sree,0.5385,182
ஜெய்,jay,0.5165,182
శ్రీ,sree,0.5083,181
పవర్,power,1.0,181
ఐటీ,it,1.0,181
ಕನ್ಸಲ್ಟಿಂಗ್,consulting,1.0,181
మీడియా,media,1.0,180
প্রজেক্টস,projects,1.0,180
కన్సల్టెంట్స్,consultants,1.0,180
మెంట్స్,investments,1.0,179
హాస్పిటాలిటీ,hospitality,1.0,179
ఎస్టేట్,estate,1.0,178
ಲಾಜಿಸ್ಟಿಕ್ಸ್,logistics,1.0,178
ఇంపెక్స్,impex,1.0,178
ప్రొడక్ట్స్,products,1.0,178
ಇಂಡಸ್ಟ್ರೀಸ್,industries,1.0,178
ఫౌండేషన్,foundation,1.0,178
ಕನ್ಸಲ್ಟೆನ್ಸಿ,consultancy,1.0,177
ఎనర్జీ,energy,1.0,176
పోర్ట్స్,exports,1.0,176
ఎక్స్,exports,1.0,176
టెక్నాలజీస్,technologies,1.0,175
ஃபைனான்ஸ்,finance,1.0,175
ಲಕ್ಷ್ಮಿ,laxmi,0.5429,175
ಫೋಟೆಕ್,infotech,1.0,174
ಎಂಟರ್,enterprises,1.0,174
ಸರ್ವಿಸಸ್,services,1.0,174
ಪ್ರೈಸಸ್,enterprises,1.0,174
জয়,jai,0.5,174
ఇన్ఫోటెక్,infotech,1.0,174
ಪವರ್,power,1.0,173
ಫ್ರಾ,infra,1.0,173
ஃபவுண்டேஷன்,foundation,1.0,172
கன்சல்டன்ட்ஸ்,consultants,1.0,172
వెంచర్స్,ventures,1.0,172
ஸ்ரீ,sree,0.5058,172
ట్రేడింగ్,trading,1.0,172
స్ట్రక్షన్,construction,1.0,172
കെയർ,healthcare,0.5756,172
கன்சல்டன்சி,consultancy,1.0,171
ಅಗ್ರೋ,agro,1.0,170
ಐಟಿ,it,1.0,170
ఫైనాన్స్,finance,1.0,170
ಫುಡ್,food,1.0,170
బిజినెస్,business,1.0,169
ಫೌಂಡೇಶನ್,foundation,1.0,169
இன்வெஸ்ட்மெண்ட்ஸ்,investments,1.0,169
బిల్డర్స్,builders,1.0,169
এনার্জি,energy,1.0,169
ವೆಂಚರ್ಸ್,ventures,1.0,168
మార్కెటింగ్,marketing,1.0,168
ಪ್ರೊಡ್ಯೂಸರ್,producer,1.0,168
ಸಿಸ್ಟಮ್ಸ್,systems,1.0,168
ఫుడ్స్,foods,1.0,167
ఆగ్రో,agro,1.0,167
ಪ್ರೊಡಕ್ಟ್ಸ್,products,1.0,166
இம்பெக்ஸ்,impex,1.0,166
শিব,shiv,0.512,166
ప్రాపర్టీస్,properties,1.0,165
0f,of,0.9515,165
ಎನರ್ಜಿ,energy,1.0,165
ಸ್ಟ್ರಕ್ಷನ್ಸ್,constructions,1.0,165
લક્ષ્મી,lakshmi,0.5212,165
కన్సల్టింగ్,consulting,1.0,165
புராடக்ட்ஸ்,products,1.0,164
ಫುಡ್ಸ್,foods,1.0,164
ಫೈನಾನ್ಸ್,finance,1.0,163
வென்ச்சர்ஸ்,ventures,1.0,163
એસ્ટેટ,estate,1.0,163
ఇంజనీరింగ్,engineering,1.0,162
ટ્રેડિંગ,trading,1.0,161
ವೇರ್,software,1.0,161
লক্ষ্মী,lakshmi,0.528,161
மீடியா,media,1.0,161
ಸಾಫ್ಟ್,software,1.0,161
ಹೆಲ್ತ್,healthcare,1.0,161
டெக்னாலஜீஸ்,technologies,1.0,161
ಬಿಸಿನೆಸ್,business,1.0,161
సిస్టమ్స్,systems,1.0,160
ಟೆಕ್ನಾಲಜೀಸ್,technologies,1.0,160
మేనేజ్,management,1.0,160
சிஸ்டம்ஸ்,systems,1.0,159
ఫ్రా,infra,1.0,159
ಮೀಡಿಯಾ,media,1.0,159
সিস্টেমস,systems,1.0,159
શ્રી,sree,0.5,158
কনসালট্যান্টস,consultants,1.0,158
సొల్యూషన్స్,solutions,1.0,158
சர்வீசஸ்,services,1.0,158
ప్రాజెక్ట్స్,projects,1.0,158
ಎಸ್ಟೇಟ್,estate,1.0,158
ઇન્વેસ્ટમેન્ટ,investment,1.0,157
லாஜிஸ்டிக்ஸ்,logistics,1.0,157
டிரேடிங்,trading,1.0,157
ડેવલપર્સ,developers,1.0,157
ஹாஸ்பிடாலிட்டி,hospitality,1.0,157
హెల్త్,healthcare,1.0,157
বিজনেস,business,1.0,157
ટેક્નોલોજી,technology,1.0,157
ಡೆವಲಪರ್ಸ್,developers,1.0,157
ஃபுட்,food,1.0,156
ಪ್ರಾಪರ್ಟೀಸ್,properties,1.0,156
ಫ್ರಾಸ್ಟ್ರಕ್ಚರ್,infrastructure,1.0,156
মার্কেটিং,marketing,1.0,155
મેનેજમેન્ટ,management,1.0,155
এক্সপোর্টস,exports,1.0,155
ஐடி,it,1.0,155
ಎಕ್ಸ್,exports,1.0,155
ಪೋರ್ಟ್ಸ್,exports,1.0,155
டெவலப்பர்ஸ்,developers,1.0,155
ফাউন্ডেশন,foundation,1.0,154
கேர்,care,1.0,154
ಸೊಲ್ಯೂಷನ್ಸ್,solutions,1.0,153
લોજિસ્ટિક્સ,logistics,1.0,153
టెక్నాలజీ,technology,1.0,153
প্রপার্টিজ,properties,1.0,153
எக்ஸ்போர்ட்ஸ்,exports,1.0,153
மேனேஜ்மெண்ட்,management,1.0,153
இன்வெஸ்ட்மெண்ட்,investment,1.0,153
இன்ஃபோடெக்,infotech,1.0,153
ಹಾಸ್ಪಿಟಾಲಿಟಿ,hospitality,1.0,152
સોલ્યુશન્સ,solutions,1.0,152
ট্রেডিং,trading,1.0,152
ప్రైజెస్,enterprises,1.0,152
ఎంటర్,enterprises,1.0,152
கன்ஸ்ட்ரக்ஷன்,construction,1.0,152
সার্ভিসেস,services,1.0,152
কনসালটেন্সি,consultancy,1.0,151
સર્વિસીસ,services,1.0,151
டெக்னாலஜி,technology,1.0,151
கன்ஸ்ட்ரக்ஷன்ஸ்,constructions,1.0,151
அக்ரோ,agro,1.0,151
மார்க்கெட்டிங்,marketing,1.0,151
இன்ஃப்ராஸ்ட்ரக்சர்,infrastructure,1.0,151
માર્કેટિંગ,marketing,1.0,151
lndustries,industries,1.0,151
আইটি,it,1.0,150
பில்டர்ஸ்,builders,1.0,150
లాజిస్టిక్స్,logistics,1.0,150
ஃபுட்ஸ்,foods,1.0,150
કન્સલ્ટિંગ,consulting,1.0,150
ಟೆಕ್ನಾಲಜಿ,technology,1.0,150
பிசினஸ்,business,1.0,149
ફૂડ,food,1.0,149
இண்டஸ்ட்ரீஸ்,industries,1.0,149
ফুডস,foods,1.0,148
இன்ஜினியரிங்,engineering,1.0,148
কনসাল্টিং,consulting,1.0,148
ಮೆಂಟ್ಸ್,investments,1.0,148
ইম্পেক্স,impex,1.0,148
earnosethroat,ear,1.0,148
ಬಿಲ್ಡರ್ಸ್,builders,1.0,148
পাওয়ার,power,1.0,148
કન્સ્ટ્રક્શન,construction,1.0,147
টেকনোলজিস,technologies,1.0,147
ടെക്,tech,1.0,147
એન્જિનિયરિંગ,engineering,1.0,147
ইন্ডাস্ট্রিজ,industries,1.0,146
વેન્ચર્સ,ventures,1.0,146
ಮ್ಯಾನೇಜ್,management,1.0,146
પ્રોડ્યુસર,producer,1.0,146
কনস্ট্রাকশনস,constructions,1.0,146
ফুড,food,1.0,145
சொல்யூஷன்ஸ்,solutions,1.0,145
ഇന്റർനാഷണൽ,international,1.0,145
ઇન્ફ્રાસ્ટ્રક્ચર,infrastructure,1.0,145
সফটওয়্যার,software,1.0,144
ফাইন্যান্স,finance,1.0,144
কনস্ট্রাকশন,construction,1.0,144
এন্টারপ্রাইজেস,enterprises,1.0,144
টেকনোলজি,technology,1.0,144
হসপিটালিটি,hospitality,1.0,143
புராஜெக்ட்ஸ்,projects,1.0,143
ஹெல்த்கேர்,healthcare,1.0,143
કેર,care,1.0,142
கன்சல்டிங்,consulting,1.0,142
સિસ્ટમ્સ,systems,1.0,142
இன்ஃப்ரா,infra,1.0,142
প্রডিউসার,producer,1.0,142
હેલ્થકેર,healthcare,1.0,142
ইনফ্রাস্ট্রাকচার,infrastructure,1.0,141
ઇમ્પેક્સ,impex,1.0,141
ম্যানেজমেন্ট,management,1.0,141
પ્રોજેક્ટ્સ,projects,1.0,141
એગ્રો,agro,1.0,140
ઇન્ફ્રા,infra,1.0,140
બિલ્ડર્સ,builders,1.0,140
આઈટી,it,1.0,140
ಪ್ರಾಜೆಕ್ಟ್ಸ್,projects,1.0,140
ಇಂಪೆಕ್ಸ್,impex,1.0,140
પાવર,power,1.0,140
કન્સલ્ટન્ટ્સ,consultants,1.0,140
બિઝનેસ,business,1.0,139
ইনভেস্টমেন্ট,investment,1.0,139
પ્રોડક્ટ્સ,products,1.0,138
ટેક્નોલોજીસ,technologies,1.0,137
எனர்ஜி,energy,1.0,137
પ્રોપર્ટીઝ,properties,1.0,137
எஸ்டேட்,estate,1.0,137
જય,jay,0.5221,136
ভেঞ্চারস,ventures,1.0,136
હોસ્પિટાલિટી,hospitality,1.0,135
புராப்பர்ட்டீஸ்,properties,1.0,135
এস্টেট,estate,1.0,135
એન્ટરપ્રાઇઝિસ,enterprises,1.0,134
ഗ്ലോബൽ,global,1.0,134
કન્સલ્ટન્સી,consultancy,1.0,134
பவர்,power,1.0,133
ફાઇનાન્સ,finance,1.0,133
ಮಾರ್ಕೆಟಿಂಗ್,marketing,1.0,133
સોફ્ટવેર,software,1.0,132
ઇન્ફોટેક,infotech,1.0,132
புரொட்யூசர்,producer,1.0,132
কেয়ার,care,1.0,131
ডেভেলপারস,developers,1.0,131
లైఫ్,life,1.0,131
சாஃப்ட்வேர்,software,1.0,131
শ্রী,sree,0.5154,130
সলিউশনস,solutions,1.0,129
એનર્જી,energy,1.0,129
ઇન્વેસ્ટમેન્ટ્સ,investments,1.0,129
ইনভেস্টমেন্টস,investments,1.0,129
லக்ஷ்மி,laxmi,0.6589,129
శక్తి,shakti,1.0,127
প্রোডাক্টস,products,1.0,127
ફાઉન્ડેશન,foundation,1.0,126
ইঞ্জিনিয়ারিং,engineering,1.0,126
ইনফ্রা,infra,1.0,124
ઇન્ડસ્ટ્રીઝ,industries,1.0,124
অ্যাগ্রো,agro,1.0,124
કન્સ્ટ્રક્શન્સ,constructions,1.0,123
মিডিয়া,media,1.0,123
મીડિયા,media,1.0,122
lnstitute,institute,1.0,122
రాయల్,royal,1.0,122
એક્સપોર્ટ્સ,exports,1.0,122
বিল্ডার্স,builders,1.0,122
వన్,one,1.0,120
ಇಂಡೋ,indo,1.0,119
గెలాక్సీ,galaxy,1.0,119
হেলথকেয়ার,healthcare,1.0,119
సదర్న్,southern,1.0,118
బాలాజీ,balaji,1.0,117
ఫార్చూన్,fortune,1.0,117
ફૂડ્સ,foods,1.0,117
స్టార్,star,1.0,115
డ్రీమ్,dream,1.0,115
రియల్,real,1.0,115
ஈஸ்ட்,east,1.0,114
ইনফোটেক,infotech,1.0,113
ശ്രീ,shree,0.5929,113
ತಿರುಪತಿ,tirupati,1.0,113
గోల్డ్,gold,1.0,113
ஸ்மார்ட்,smart,1.0,112
লজিস্টিকস,logistics,1.0,111
సూపర్,super,1.0,111
ವಿಜಯ್,vijay,1.0,111
ಸೌತ್,south,1.0,110
గ్రీన్,green,1.0,110
ಸಿಟಿ,city,1.0,109
ರೈಸ್,sunrise,1.0,109
ஷ்யாம்,shyam,1.0,109
ರಿಯಲ್,real,1.0,109
হাই,high,1.0,109
బ్రైట్,bright,1.0,109
ಅಪೆಕ್ಸ್,apex,1.0,109
జైన్,jain,1.0,108
ప్రీమియర్,premier,1.0,108
பிரீமியர்,premier,1.0,108
గ్రేట్,great,1.0,108
డైనమిక్,dynamic,1.0,108
ఇండియన్,indian,1.0,108
എന്റർപ്രൈസസ്,enterprises,1.0,107
ಹೋಟೆಲ್,hotel,1.0,107
பயனியர்,pioneer,1.0,107
શિવ,shiv,0.5514,107
கிருஷ்ணா,krishna,1.0,107
సుప్రీమ్,supreme,1.0,107
రెడ్,red,1.0,106
మై,my,1.0,106
ಮಾ,maa,1.0,106
ఆదిత్య,aditya,1.0,106
ಸೂಪರ್,super,1.0,105
ఫస్ట్,first,1.0,105
കൺസ്ട്രക്ഷൻ,construction,1.0,105
విజయ్,vijay,1.0,105
ಡೈನಾಮಿಕ್,dynamic,1.0,105
పయనీర్,pioneer,1.0,104
ಶಕ್ತಿ,shakti,1.0,104
ലക്ഷ്മി,laxmi,0.5192,104
అరిహంత్,arihant,1.0,104
మోడర్న్,modern,1.0,104
ಬ್ಲೂ,blue,1.0,104
ઇન્ડિયન,indian,1.0,104
స్వస్తిక్,swastik,1.0,104
అర్బన్,urban,1.0,103
બ્લૂ,blue,1.0,103
ಜೈ,jai,1.0,103
ಬಾಂಬೆ,bombay,1.0,103
శివం,shivam,1.0,103
ఆనంద్,anand,1.0,103
ಗೋಲ್ಡ್,gold,1.0,103
ಕ್ಲಾಸಿಕ್,classic,1.0,103
சூப்பர்,super,1.0,102
ಬೆಸ್ಟ್,best,1.0,102
ஏஸ்,ace,1.0,102
ಕೃಷ್ಣ,krishna,1.0,102
ಸದರ್ನ್,southern,1.0,102
ব্রাইট,bright,1.0,101
విజన్,vision,1.0,101
ક્લાસિક,classic,1.0,101
బాబా,baba,1.0,101
ಮೈ,my,1.0,101
ಆದಿತ್ಯ,aditya,1.0,101
ಈಸ್ಟ್,east,1.0,101
బెస్ట్,best,1.0,101
બાલાજી,balaji,1.0,101
ಶಿವ,shiva,1.0,101
ಬ್ಲ್ಯಾಕ್,black,1.0,101
ಪ್ರೈಮ್,prime,1.0,101
રોયલ,royal,1.0,101
ಸ್ಕೈ,sky,1.0,101
lnfrastructure,infrastructure,1.0,100
ఇండో,indo,1.0,100
சிவா,shiva,1.0,100
తిరుపతి,tirupati,1.0,100
சக்தி,shakti,1.0,100
ডায়নামিক,dynamic,1.0,100
കൺസൾട്ടന്റ്സ്,consultants,1.0,100
ಗ್ಯಾಲಕ್ಸಿ,galaxy,1.0,100
a1l,all,1.0,100
ఇన్నోవేటివ్,innovative,1.0,100
ವಿಷನ್,vision,1.0,99
ಆನಂದ್,anand,1.0,99
கிளாசிக்,classic,1.0,99
ফরচুন,fortune,1.0,99
ഹെൽത്ത്,healthcare,1.0,99
యూనిక్,unique,1.0,99
సూర్య,surya,1.0,99
సౌత్,south,1.0,99
న్యూ,new,1.0,99
ফিউচার,future,1.0,99
ஃபியூச்சர்,future,1.0,99
ಸೂರ್ಯ,surya,1.0,98
ரியல்,real,1.0,98
செவன்,seven,1.0,98
పర్,perfect,1.0,98
వైట్,white,1.0,98
ಡ್ರೀಮ್,dream,1.0,98
গোল্ড,gold,1.0,98
ಇನೋವೇಟಿವ್,innovative,1.0,98
ಬಾಬಾ,baba,1.0,98
ఫెక్ట్,perfect,1.0,98
சிவம்,shivam,1.0,97
ಭಾರತ್,bharat,1.0,97
ஹை,high,1.0,97
బ్లూ,blue,1.0,97
ಪರ್ಫೆಕ್ಟ್,perfect,1.0,97
సెవెన్,seven,1.0,97
ಲೋಟಸ್,lotus,1.0,97
எஸ்எஸ்,ss,1.0,97
బిగ్,big,1.0,97
గురు,guru,1.0,97
ಓಂ,om,1.0,97
വെഞ്ചേഴ്സ്,ventures,1.0,97
యూనివర్సల్,universal,1.0,97
ગ્રેટ,great,1.0,97
అల్,al,1.0,96
ಹೈಟೆಕ್,hitech,1.0,96
ಅರ್ಬನ್,urban,1.0,96
গুজরাট,gujarat,1.0,96
రామ్,ram,1.0,96
స్కై,sky,1.0,96
ஸ்டார்,star,1.0,96
ఏపెక్స్,apex,1.0,96
সানরাইজ,sunrise,1.0,96
ನಾರ್ತ್,north,1.0,95
லைஃப்,life,1.0,95
ஆல்ஃபா,alpha,1.0,95
சிட்டி,city,1.0,95
ರಾಮ್,ram,1.0,95
ഇൻവെസ്റ്റ്മെന്റ്,investment,1.0,95
గుడ్,good,1.0,95
എസ്റ്റേറ്റ്,estate,1.0,95
প্রিমিয়ার,premier,1.0,95
ಗ್ರೇಟ್,great,1.0,95
শিবম,shivam,1.0,94
రైజ్,sunrise,1.0,94
ગેલેક્સી,galaxy,1.0,94
ಪಯೊನೀರ್,pioneer,1.0,94
વિજય,vijay,1.0,94
ಶಿವ್,shiv,1.0,94
ગોલ્ડન,golden,1.0,94
శివ్,shiv,1.0,93
ഇൻഫ്ര,infra,1.0,93
কৃষ্ণ,krishna,1.0,93
ಸಾಯಿ,sai,1.0,93
లక్ష్మీ,lakshmi,0.5484,93
హై,high,1.0,93
લોટસ,lotus,1.0,93
ಗುಜರಾತ್,gujarat,1.0,93
నార్త్,north,1.0,93
లక్ష్మి,lakshmi,0.5269,93
সুপ্রিম,supreme,1.0,93
ಬಾಲಾಜಿ,balaji,1.0,93
প্রাইম,prime,1.0,92
சூர்யா,surya,1.0,92
গুরু,guru,1.0,92
హోటల్,hotel,1.0,92
ഇൻഡസ്ട്രീസ്,industries,1.0,92
গোল্ডেন,golden,1.0,92
యునైటెడ్,united,1.0,92
ராம்,ram,1.0,92
ব্লু,blue,1.0,92
ஆதித்யா,aditya,1.0,92
പ്രൊഡക്ട്സ്,products,1.0,91
ಅಲ್,al,1.0,91
ఏస్,ace,1.0,91
ಡಿಜಿಟಲ್,digital,1.0,91
સ્માર્ટ,smart,1.0,91
நியூ,new,1.0,91
ಫಸ್ಟ್,first,1.0,91
புளூ,blue,1.0,91
விஜய்,vijay,1.0,91
જૈન,jain,1.0,91
রাজ,raj,1.0,91
പ്രോപ്പർട്ടീസ്,properties,1.0,91
ಫ್ಯೂಚರ್,future,1.0,91
హైటెక్,hitech,1.0,91
ஆல்,all,1.0,91
ಅರಿಹಂತ್,arihant,1.0,91
হোটেল,hotel,1.0,91
சாய்,sai,1.0,91
রাম,ram,1.0,91
சில்வர்,silver,1.0,90
ഡെവലപ്പേഴ്സ്,developers,1.0,90
ಒನ್,one,1.0,90
கோல்டு,gold,1.0,90
പ്രോജക്ട്സ്,projects,1.0,90
ಬಿಗ್,big,1.0,90
క్లాసిక్,classic,1.0,90
ಸೆವೆನ್,seven,1.0,90
lnfra,infra,1.0,90
సిటీ,city,1.0,89
గుజరాత్,gujarat,1.0,89
ஆனந்த்,anand,1.0,89
তিরুপতি,tirupati,1.0,89
விஷன்,vision,1.0,89
ജയ്,jay,0.5393,89
ઈસ્ટ,east,1.0,89
ક્રિએટિવ,creative,1.0,89
ડાયનેમિક,dynamic,1.0,89
ఆల్,all,1.0,89
ടെക്നോളജി,technology,1.0,89
ಜೈನ್,jain,1.0,89
குட்,good,1.0,89
ಹರಿ,hari,1.0,89
ಪ್ರೀಮಿಯರ್,premier,1.0,88
গ্যালাক্সি,galaxy,1.0,88
સૂર્ય,surya,1.0,88
இந்தியன்,indian,1.0,88
ఫ్యూచర్,future,1.0,88
પાયોનિયર,pioneer,1.0,88
ಈಸ್ಟರ್ನ್,eastern,1.0,88
கிரீன்,green,1.0,88
ರಾಜ್,raj,1.0,88
വെയർ,software,1.0,88
സോഫ്റ്റ്,software,1.0,88
ഫൗണ്ടേഷൻ,foundation,1.0,88
டிரீம்,dream,1.0,88
ಸುಪ್ರೀಮ್,supreme,1.0,88
சன்,sun,1.0,88
ગુજરાત,gujarat,1.0,87
குஜராத்,gujarat,1.0,87
ವೈಟ್,white,1.0,87
సాయి,sai,1.0,87
ಲೈಫ್,life,1.0,87
പവർ,power,1.0,87
സർവീസസ്,services,1.0,87
ബിസിനസ്,business,1.0,87
ஹோட்டல்,hotel,1.0,87
বিগ,big,1.0,87
বোম্বে,bombay,1.0,87
સ્કાય,sky,1.0,87
ஒன்,one,1.0,87
ઇનોવેટિવ,innovative,1.0,87
బ్లాక్,black,1.0,87
பாலாஜி,balaji,1.0,87
എൻജിനീയറിംഗ്,engineering,1.0,86
ಸ್ವಸ್ತಿಕ್,swastik,1.0,86
ಗುರು,guru,1.0,86
ഇൻവെസ്റ്റ്മെന്റ്സ്,investments,1.0,86
પ્રાઇમ,prime,1.0,86
পারফেক্ট,perfect,1.0,86
இண்டோ,indo,1.0,86
ভারত,bharat,1.0,86
அர்பன்,urban,1.0,86
অ্যাপেক্স,apex,1.0,86
గోల్డెన్,golden,1.0,86
રાજ,raj,1.0,86
বাবা,baba,1.0,86
யுனிக்,unique,1.0,86
ஜைன்,jain,1.0,86
গ্রীন,green,1.0,85
லோட்டஸ்,lotus,1.0,85
సిల్వర్,silver,1.0,85
ఈస్ట్,east,1.0,85
ಬ್ರೈಟ್,bright,1.0,85
கேலக்ஸி,galaxy,1.0,85
ഫിനാൻസ്,finance,1.0,85
ડિજિટલ,digital,1.0,85
સધર્ન,southern,1.0,85
ಫಾರ್ಚೂನ್,fortune,1.0,85
মডার্ন,modern,1.0,85
வொயிட்,white,1.0,85
ಶ್ಯಾಮ್,shyam,1.0,84
વ્હાઇટ,white,1.0,84
சதர்ன்,southern,1.0,84
বেস্ট,best,1.0,84
আল,al,1.0,84
ரெட்,red,1.0,84
സൊല്യൂഷൻസ്,solutions,1.0,84
સિટી,city,1.0,84
കൺസൾട്ടിംഗ്,consulting,1.0,84
હાઇ,high,1.0,84
ಮಾಡರ್ನ್,modern,1.0,83
ক্লাসিক,classic,1.0,83
స్మార్ట్,smart,1.0,83
മാർക്കറ്റിംഗ്,marketing,1.0,83
లోటస్,lotus,1.0,83
স্কাই,sky,1.0,83
ইন্ডিয়ান,indian,1.0,83
યુનાઇટેડ,united,1.0,83
பர்ஃபெக்ட்,perfect,1.0,83
বালাজি,balaji,1.0,83
ಹೈ,high,1.0,83
વિઝન,vision,1.0,83
శ్యామ్,shyam,1.0,83
અરિહંત,arihant,1.0,83
ஈஸ்டர்ன்,eastern,1.0,83
கோல்டன்,golden,1.0,83
ડ્રીમ,dream,1.0,82
મા,maa,1.0,82
டைனமிக்,dynamic,1.0,82
யுனைடெட்,united,1.0,82
ইন্দো,indo,1.0,82
മാനേജ്മെന്റ്,management,1.0,82
ওয়ান,one,1.0,82
ഇൻഫോടെക്,infotech,1.0,82
ട്രേഡിംഗ്,trading,1.0,82
સ્વસ્તિક,swastik,1.0,82
ગ્રીન,green,1.0,82
ஸ்கை,sky,1.0,82
ক্রিয়েটিভ,creative,1.0,82
క్రియేటివ్,creative,1.0,81
সাই,sai,1.0,81
ರೆಡ್,red,1.0,81
সুপার,super,1.0,81
ഹോസ്പിറ്റാലിറ്റി,hospitality,1.0,81
రాజ్,raj,1.0,81
ಗ್ರೀನ್,green,1.0,81
সান,sun,1.0,81
ఎస్,ss,1.0,81
ഇംപെക്സ്,impex,1.0,81
રેડ,red,1.0,81
બોમ્બે,bombay,1.0,81
ರಾಯಲ್,royal,1.0,81
മീഡിയ,media,1.0,81
பிரைம்,prime,1.0,81
ಗೋಲ್ಡನ್,golden,1.0,81
ஃபார்ச்சூன்,fortune,1.0,81
એસ,ace,1.0,81
આદિત્ય,aditya,1.0,80
ಸಿಲ್ವರ್,silver,1.0,80
ಏಸ್,ace,1.0,80
ಆಲ್ಫಾ,alpha,1.0,80
ગુડ,good,1.0,80
ಗುಡ್,good,1.0,80
ഇൻഫ്രാസ്ട്രക്ചർ,infrastructure,1.0,80
ஃபர்ஸ்ட்,first,1.0,80
ইনোভেটিভ,innovative,1.0,80
ఆల్ఫా,alpha,1.0,80
హరి,hari,1.0,80
പ്രൊഡ്യൂസർ,producer,1.0,80
શક્તિ,shakti,1.0,80
ইস্ট,east,1.0,80
શિવમ,shivam,1.0,79
மை,my,1.0,79
વન,one,1.0,79
ಸ್ಟಾರ್,star,1.0,79
ಯುನೈಟೆಡ್,united,1.0,79
ಎಸ್ಎಸ್,ss,1.0,79
ওম,om,1.0,79
આલ્ફા,alpha,1.0,79
ప్రైమ్,prime,1.0,79
গ্রেট,great,1.0,79
சுப்ரீம்,supreme,1.0,79
ಶಿವಂ,shivam,1.0,79
ফার্স্ট,first,1.0,79
এসএস,ss,1.0,79
சன்ரைஸ்,sunrise,1.0,79
ബിൽഡേഴ്സ്,builders,1.0,79
ಸ್ಮಾರ್ಟ್,smart,1.0,79
lnvestments,investments,1.0,79
എക്സ്പോർട്സ്,exports,1.0,79
ஓம்,om,1.0,78
સુપર,super,1.0,78
lnternational,international,1.0,78
நார்த்,north,1.0,78
সাউথ,south,1.0,78
লোটাস,lotus,1.0,78
അഗ്രോ,agro,1.0,78
સાઉથ,south,1.0,78
পায়োনিয়ার,pioneer,1.0,78
রিয়েল,real,1.0,78
ಇಂಡಿಯನ್,indian,1.0,78
பாரத்,bharat,1.0,78
ഫുഡ്സ്,foods,1.0,78
8ay,bay,1.0,78
మా,maa,1.0,77
সিটি,city,1.0,77
બ્લેક,black,1.0,77
ராஜ்,raj,1.0,77
டிஜிட்டல்,digital,1.0,77
பிரைட்,bright,1.0,77
ഫുഡ്,food,1.0,77
ન્યૂ,new,1.0,77
રામ,ram,1.0,77
ஹரி,hari,1.0,77
குரு,guru,1.0,77
ನ್ಯೂ,new,1.0,77
শক্তি,shakti,1.0,77
ઈસ્ટર્ન,eastern,1.0,77
ടെക്നോളജീസ്,technologies,1.0,77
ફ્યુચર,future,1.0,77
ইউনিভার্সাল,universal,1.0,77
অরিহন্ত,arihant,1.0,76
ইউনিক,unique,1.0,76
સન,sun,1.0,76
সেভেন,seven,1.0,76
সূর্য,surya,1.0,76
ಯುನೀಕ್,unique,1.0,76
மாடர்ன்,modern,1.0,76
ஸ்வஸ்திக்,swastik,1.0,76
લાઇફ,life,1.0,76
ইস্টার্ন,eastern,1.0,75
பிக்,big,1.0,75
ಆಲ್,all,1.0,75
பிளாக்,black,1.0,75
കൺസ്ട്രക്ഷൻസ്,constructions,1.0,75
હરિ,hari,1.0,75
સનરાઇઝ,sunrise,1.0,75
ઓલ,all,1.0,75
மா,maa,1.0,75
યુનિક,unique,1.0,74
ஹைடெக்,hitech,1.0,74
બ્રાઇટ,bright,1.0,74
નોર્થ,north,1.0,74
சவுத்,south,1.0,74
பம்பாய்,bombay,1.0,74
માય,my,1.0,74
கிரேட்,great,1.0,74
હાઇટેક,hitech,1.0,74
earnose,ear,0.9324,74
બિગ,big,1.0,74
ডিজিটাল,digital,1.0,74
ಕ್ರಿಯೇಟಿವ್,creative,1.0,73
ராயல்,royal,1.0,73
আরবান,urban,1.0,73
અલ,al,1.0,73
আলফা,alpha,1.0,73
lnterstate,interstate,1.0,73
డిజిటల్,digital,1.0,73
ലോജിസ്റ്റിക്സ്,logistics,1.0,73
ব্ল্যাক,black,1.0,73
আদিত্য,aditya,1.0,73
হরি,hari,1.0,73
భారత్,bharat,1.0,73
பாபா,baba,1.0,73
হোয়াইট,white,1.0,73
ગુરુ,guru,1.0,72
intemational,international,0.9722,72
સુપ્રીમ,supreme,1.0,72
എനർജി,energy,1.0,72
স্বস্তিক,swastik,1.0,72
அபெக்ஸ்,apex,1.0,72
ఈస్టర్న్,eastern,1.0,72
স্টার,star,1.0,72
સિલ્વર,silver,1.0,72
சிவ்,shiv,1.0,72
অল,all,1.0,72
lntegrated,integrated,1.0,71
এইস,ace,1.0,71
அல்,al,1.0,71
રિયલ,real,1.0,71
സിസ്റ്റംസ്,systems,1.0,71
ફર્સ્ટ,first,1.0,71
রয়্যাল,royal,1.0,71
બાબા,baba,1.0,70
ഐടി,it,1.0,70
ইউনাইটেড,united,1.0,70
গুড,good,1.0,70
ড্রিম,dream,1.0,70
அரிஹந்த்,arihant,1.0,70
સેવન,seven,1.0,70
সাউদার্ন,southern,1.0,70
মা,maa,1.0,69
ભારત,bharat,1.0,69
અર્બન,urban,1.0,69
ગોલ્ડ,gold,1.0,69
திருப்பதி,tirupati,1.0,69
സിറ്റി,city,1.0,69
lnnovative,innovative,0.9706,68
കൺസൾട്ടൻസി,consultancy,1.0,68
એસએસ,ss,1.0,68
బాంబే,bombay,1.0,68
স্মার্ট,smart,1.0,68
பெஸ்ட்,best,1.0,68
ಯುನಿವರ್ಸಲ್,universal,1.0,67
নিউ,new,1.0,67
પ્રીમિયર,premier,1.0,67
கிரியேட்டிவ்,creative,1.0,67
lnvestment,investment,0.9851,67
એપેક્સ,apex,1.0,67
ફોર્ચ્યુન,fortune,1.0,67
হাইটেক,hitech,1.0,66
মাই,my,1.0,66
রেড,red,1.0,66
সিলভার,silver,1.0,66
સ્ટાર,star,1.0,65
জৈন,jain,1.0,65
મોડર્ન,modern,1.0,65
તિરુપતિ,tirupati,1.0,65
ബോംബെ,bombay,1.0,64
വിഷൻ,vision,1.0,64
இன்னோவேட்டிவ்,innovative,1.0,64
modem,modern,1.0,64
யுனிவர்சல்,universal,1.0,64
শ্যাম,shyam,1.0,64
লাইফ,life,1.0,64
নর্থ,north,1.0,64
ଗ୍ଲୋବାଲ୍,global,1.0,64
હોટેલ,hotel,1.0,63
ഈസ്റ്റേൺ,eastern,1.0,63
ਟੈਕ,tech,1.0,63
બેસ્ટ,best,1.0,63
પરફેક્ટ,perfect,1.0,62
আনন্দ,anand,1.0,62
pinnade,pinnacle,0.9839,62
ভিশন,vision,1.0,62
revitup,up,0.9032,62
ബ്ലാക്ക്,black,1.0,61
cae,care,0.8033,61
ഭാരത്,bharat,1.0,60
યુનિવર્સલ,universal,1.0,60
ക്ലാസിക്,classic,1.0,60
മൈ,my,1.0,59
രാജ്,raj,1.0,59
റോയൽ,royal,1.0,59
ഡ്രീം,dream,1.0,59
എസ്എസ്,ss,1.0,58
ബാലാജി,balaji,1.0,58
eastem,eastern,0.9828,58
lmpex,impex,1.0,57
വിജയ്,vijay,1.0,57
ઇન્ડો,indo,1.0,57
বিজয়,vijay,1.0,56
8ig,big,0.9821,56
కృష్ణా,krishna,1.0,56
പയനിയർ,pioneer,1.0,56
തിരുപ്പതി,tirupati,1.0,56
നോർത്ത്,north,1.0,56
ഹൈ,high,1.0,55
શ્યામ,shyam,1.0,55
ଟେକ୍,tech,1.0,55
ആൽഫ,alpha,1.0,54
ബാബ,baba,1.0,54
ഹോട്ടൽ,hotel,1.0,54
ਗਲੋਬਲ,global,1.0,54
comerstone,cornerstone,1.0,54
ന്യൂ,new,1.0,53
ഡൈനാമിക്,dynamic,1.0,53
ਇੰਟਰਨੈਸ਼ਨਲ,international,1.0,53
ഗുഡ്,good,1.0,53
lcsw,s,1.0,52
സെവൻ,seven,1.0,52
ജൈൻ,jain,1.0,52
ശ്യാം,shyam,1.0,52
శివా,shiva,1.0,52
റിയൽ,real,1.0,51
ഹൈടെക്,hitech,1.0,51
വൈറ്റ്,white,1.0,51
ഡിജിറ്റൽ,digital,1.0,51
ଫୁଡ୍ସ୍,foods,1.0,51
footankle,foot,1.0,51
സൗത്ത്,south,1.0,50
ആദിത്യ,aditya,1.0,50
லட்சுமி,lakshmi,1.0,50
സതേൺ,southern,1.0,49
യുണൈറ്റഡ്,united,1.0,49
അപെക്സ്,apex,1.0,49
യൂണിവേഴ്സൽ,universal,1.0,49
മോഡേൺ,modern,1.0,48
സൺ,sun,1.0,48
വൺ,one,1.0,48
ପ୍ରୋଜେକ୍ଟସ୍,projects,1.0,48
ഗോൾഡ്,gold,1.0,48
ശക്തി,shakti,1.0,48
ലൈഫ്,life,1.0,48
ଫାଉଣ୍ଡେସନ୍,foundation,1.0,48
dd5,dds,0.8958,48
ഗാലക്സി,galaxy,1.0,47
ബ്രൈറ്റ്,bright,1.0,47
શિવા,shiva,1.0,47
ഗ്രീൻ,green,1.0,47
സ്റ്റാർ,star,1.0,46
ലോട്ടസ്,lotus,1.0,46
ഓം,om,1.0,46
എയ്സ്,ace,1.0,46
സൂര്യ,surya,1.0,45
ਇਸਟੇਟ,estate,1.0,45
മാ,maa,1.0,45
આણંદ,anand,1.0,45
ಜೇ,jay,1.0,45
tavem,tavern,0.9778,45
ഗുജറാത്ത്,gujarat,1.0,44
ଅଲ୍,all,0.6364,44
5ai,sai,1.0,44
സുപ്രീം,supreme,1.0,44
ఓం,om,1.0,44
ഗോൾഡൻ,golden,1.0,44
ଏଷ୍ଟେଟ୍,estate,1.0,44
ബ്ലൂ,blue,1.0,44
ਹਾਸਪਿਟੈਲਿਟੀ,hospitality,1.0,44
ಜಯ್,jay,1.0,44
cer,care,0.6591,44
സ്കൈ,sky,1.0,43
ഫസ്റ്റ്,first,1.0,43
ഇന്ത്യൻ,indian,1.0,43
ഓൾ,all,1.0,43
പെർഫെക്റ്റ്,perfect,1.0,43
ഹരി,hari,1.0,43
ଇଣ୍ଟରନ୍ୟାସନାଲ୍,international,1.0,42
ഗുരു,guru,1.0,42
രാം,ram,1.0,42
కృష్ణ,krishna,1.0,42
5un,sun,1.0,42
સાઈ,sai,1.0,42
ਐਗਰੋ,agro,1.0,42
ഇന്നൊവേറ്റീവ്,innovative,1.0,42
ക്രിയേറ്റീവ്,creative,1.0,42
శివ,shiva,1.0,42
ഈസ്റ്റ്,east,1.0,41
ଇନଫ୍ରାଷ୍ଟ୍ରକଚର୍,infrastructure,1.0,41
ശിവ്,shiv,1.0,41
സ്മാർട്ട്,smart,1.0,41
അരിഹന്ത്,arihant,1.0,41
ૐ,om,1.0,41
അൽ,al,1.0,41
ബിഗ്,big,1.0,41
ઓમ,om,1.0,40
ਜੈ,jai,0.575,40
ఓమ్,om,1.0,40
ਸਰਵਿਸਿਜ਼,services,1.0,40
ਕੰਸਲਟੈਂਟਸ,consultants,1.0,40
crae,care,0.9,40
ଟେକ୍ନୋଲୋଜିସ୍,technologies,1.0,40
lnfotech,infotech,1.0,40
സ്വസ്തിക്,swastik,1.0,40
സൺറൈസ്,sunrise,1.0,40
ബെസ്റ്റ്,best,1.0,40
ਹੈਲਥਕੇਅਰ,healthcare,1.0,39
କନସଲଟାଣ୍ଟସ୍,consultants,1.0,39
କନସଲଟିଂ,consulting,1.0,39
സിൽവർ,silver,1.0,39
പ്രീമിയർ,premier,1.0,39
ഫ്യൂച്ചർ,future,1.0,39
ഇന്തോ,indo,1.0,39
സൂപ്പർ,super,1.0,38
ଏସ୍,ss,0.6579,38
റെഡ്,red,1.0,38
ਲੌਜਿਸਟਿਕਸ,logistics,1.0,38
ਸੋਲਿਊਸ਼ਨਜ਼,solutions,1.0,38
ସିଷ୍ଟମସ୍,systems,1.0,38
ਸਿਸਟਮਜ਼,systems,1.0,38
ആനന്ദ്,anand,1.0,38
ସନ୍,sun,0.5263,38
ଫାଇନାନ୍ସ୍,finance,1.0,37
physicaltherapy,therapy,1.0,37
ଇନଫ୍ରା,infra,1.0,37
lnsurance,insurance,1.0,37
ଶ୍ରୀ,sree,0.5556,36
lnitiative,initiative,1.0,36
ବିଜନେସ୍,business,1.0,36
ଇନଭେଷ୍ଟମେଣ୍ଟସ୍,investments,1.0,36
0m,om,1.0,36
ସଲ୍ୟୁସନ୍ସ୍,solutions,1.0,36
આનંદ,anand,1.0,36
d0,do,0.9444,36
southem,southern,1.0,36
അർബൻ,urban,1.0,36
ਬਿਲਡਰਜ਼,builders,1.0,36
ਪ੍ਰੋਡਿਊਸਰ,producer,1.0,36
പ്രൈം,prime,1.0,36
ਟ੍ਰੇਡਿੰਗ,trading,1.0,36
ଡେଭଲପର୍ସ୍,developers,1.0,35
ਬਿਜ਼ਨਸ,business,1.0,35
ਇਨਵੈਸਟਮੈਂਟਸ,investments,1.0,35
ਇੰਜੀਨੀਅਰਿੰਗ,engineering,1.0,35
ક્રિષ્ના,krishna,1.0,35
ଇନଫୋଟେକ୍,infotech,1.0,35
ਟੈਕਨਾਲੋਜੀਜ਼,technologies,1.0,35
pediatricdentistry,dentistry,1.0,35
ମ୍ୟାନେଜମେଣ୍ଟ୍,management,1.0,35
ଇନଭେଷ୍ଟମେଣ୍ଟ୍,investment,1.0,34
ଇଣ୍ଡଷ୍ଟ୍ରିଜ୍,industries,1.0,34
5ky,sky,1.0,34
westem,western,1.0,34
behavioralhealth,health,1.0,34
ପ୍ରୋଡକ୍ଟସ୍,products,1.0,34
ହସ୍ପିଟାଲିଟି,hospitality,1.0,34
caer,care,0.9412,34
ପାୱାର୍,power,1.0,34
ଆଇଟି,it,1.0,34
ഫോർച്യൂൺ,fortune,1.0,34
northem,northern,1.0,33
യുണീക്ക്,unique,1.0,33
ଫୁଡ୍,food,1.0,33
ਪ੍ਰੋਜੈਕਟਸ,projects,1.0,33
କନସଲଟାନ୍ସି,consultancy,1.0,33
a1,al,0.9697,33
inia,india,0.9091,33
സായി,sai,1.0,33
ਕੇਅਰ,care,1.0,33
ଆଗ୍ରୋ,agro,1.0,33
ਫੂਡਜ਼,foods,1.0,33
સાંઈ,sai,1.0,32
leaming,learning,1.0,32
ପ୍ରୋପର୍ଟିଜ୍,properties,1.0,32
5s,ss,0.875,32
ਮੈਨੇਜਮੈਂਟ,management,1.0,32
କନଷ୍ଟ୍ରକସନ୍ସ୍,constructions,1.0,32
ਕੰਸਲਟੈਂਸੀ,consultancy,1.0,32
ଶିବ,shiv,0.625,32
કૃષ્ણ,krishna,1.0,32
ସଫ୍ଟୱେୟାର୍,software,1.0,31
ମଡର୍ନ୍,modern,1.0,31
ଗୋଲଡେନ୍,golden,1.0,31
ଭେଞ୍ଚର୍ସ୍,ventures,1.0,31
lndo,indo,1.0,31
0ne,one,1.0,31
ਐਂਟਰਪ੍ਰਾਈਜ਼ਿਜ਼,enterprises,1.0,31
ਲਕਸ਼ਮੀ,lakshmi,0.5161,31
ଏନର୍ଜି,energy,1.0,31
internalmedicine,medicine,1.0,30
ମିଡିଆ,media,1.0,30
ਇਨਫ੍ਰਾਸਟ੍ਰਕਚਰ,infrastructure,1.0,30
ਪ੍ਰੋਡਕਟਸ,products,1.0,30
inda,india,0.9333,30
ਫਾਊਂਡੇਸ਼ਨ,foundation,1.0,30
intemal,internal,1.0,30
5t,st,1.0,30
ହେଲ୍ଥକେୟାର୍,healthcare,1.0,30
ഗ്രേറ്റ്,great,1.0,30
hemandez,hernandez,1.0,30
କେୟାର୍,care,1.0,30
ହୋଟେଲ୍,hotel,1.0,30
lndian,indian,0.9655,29
ਕੰਸਲਟਿੰਗ,consulting,1.0,29
ਸਨ,sun,1.0,29
ଗ୍ରୀନ୍,green,1.0,29
ਪਾਵਰ,power,1.0,29
ଜୟ,jay,0.6552,29
pediatricdental,dental,1.0,29
ਕੰਸਟ੍ਰਕਸ਼ਨਜ਼,constructions,1.0,28
ଇମ୍ପେକ୍ସ୍,impex,1.0,28
ਐਨਰਜੀ,energy,1.0,28
ବିଜୟ,vijay,1.0,28
സായ്,sai,1.0,28
ଇଞ୍ଜିନିୟରିଂ,engineering,1.0,28
ਵੈਂਚਰਜ਼,ventures,1.0,28
servlces,services,0.5357,28
ਇੰਡਸਟ੍ਰੀਜ਼,industries,1.0,28
ଲକ୍ଷ୍ମୀ,lakshmi,0.6071,28
ਮਾਰਕੀਟਿੰਗ,marketing,1.0,27
ਮੀਡੀਆ,media,1.0,27
ଏଣ୍ଟରପ୍ରାଇଜେସ୍,enterprises,1.0,27
ଫର୍ଚୁନ୍,fortune,1.0,27
ସର୍ଭିସେସ୍,services,1.0,27
urgentcare,urgent,1.0,27
ଏକ୍ସପୋର୍ଟସ୍,exports,1.0,27
ହରି,hari,1.0,27
ବେଷ୍ଟ୍,best,1.0,27
ଲଜିଷ୍ଟିକ୍ସ୍,logistics,1.0,27
କ୍ରିଏଟିଭ୍,creative,1.0,27
ਇਨਫੋਟੈਕ,infotech,1.0,27
ਐਕਸਪੋਰਟਸ,exports,1.0,27
ശിവം,shivam,1.0,27
ପ୍ରୋଡ୍ୟୁସର୍,producer,1.0,27
ਏਸ,ace,1.0,26
ਮਾਂ,maa,1.0,26
ଟେକ୍ନୋଲୋଜି,technology,1.0,26
womenshealth,health,1.0,26
lnterfaith,interfaith,1.0,26
କନଷ୍ଟ୍ରକସନ୍,construction,1.0,26
ਸ੍ਰੀ,sree,0.5385,26
കൃഷ്ണാ,krishna,1.0,26
healt,health,1.0,26
primarycare,primary,1.0,25
ଟ୍ରେଡିଂ,trading,1.0,25
ମାର୍କେଟିଂ,marketing,1.0,25
ശിവാ,shiva,1.0,25
ସ୍ମାର୍ଟ୍,smart,1.0,25
ਗੋਲਡ,gold,1.0,25
ବାଲାଜୀ,balaji,1.0,25
idia,india,0.92,25
lndustrial,industrial,1.0,25
ਸਾਫਟਵੇਅਰ,software,1.0,25
ਫਾਈਨੈਂਸ,finance,1.0,25
ਆਲ,all,1.0,25
ଫାର୍ଷ୍ଟ୍,first,1.0,25
broters,brothers,1.0,24
lnnovations,innovations,1.0,24
ਅਨੰਦ,anand,1.0,24
ਡਿਵੈਲਪਰਜ਼,developers,1.0,24
ଶକ୍ତି,shakti,1.0,24
ਇੰਪੈਕਸ,impex,1.0,24
ਪ੍ਰੀਮੀਅਰ,premier,1.0,24
ସୂର୍ଯ୍ୟ,surya,1.0,24
ହ୍ୱାଇଟ୍,white,1.0,24
ਯੂਨੀਕ,unique,1.0,24
ਈਸਟ,east,1.0,24
ਅਰਿਹੰਤ,arihant,1.0,23
ശിവ,shiva,1.0,23
ਗਲੈਕਸੀ,galaxy,1.0,23
ରାଜ,raj,1.0,23
ପ୍ରାଇମ୍,prime,1.0,23
ଆଲଫା,alpha,1.0,23
ਇਨਵੈਸਟਮੈਂਟ,investment,1.0,23
ବ୍ଲୁ,blue,1.0,23
ਕ੍ਰਿਸ਼ਨਾ,krishna,1.0,23
ଏପେକ୍ସ୍,apex,1.0,23
ଭାରତ,bharat,1.0,22
ਪ੍ਰੋਪਰਟੀਜ਼,properties,1.0,22
ଆନନ୍ଦ,anand,1.0,22
ପର୍ଫେକ୍ଟ୍,perfect,1.0,22
ରାମ,ram,1.0,22
ଷ୍ଟାର୍,star,1.0,22
ଡାଇନାମିକ୍,dynamic,1.0,22
physician,physicians,1.0,22
ରୟାଲ୍,royal,1.0,22
ਫਾਰਚੂਨ,fortune,1.0,22
ବିଲଡର୍ସ୍,builders,1.0,22
womenshealthcare,health,1.0,22
ସ୍ୱସ୍ତିକ,swastik,1.0,22
ਬਿਗ,big,1.0,21
ପାୟୋନିୟର୍,pioneer,1.0,21
ਇੰਡੋ,indo,1.0,21
ସିଲଭର୍,silver,1.0,21
ਫੂਡ,food,1.0,21
ଡ୍ରିମ୍,dream,1.0,21
ਸਵਾਸਤਿਕ,swastik,1.0,21
ତିରୁପତି,tirupati,1.0,21
ଶିବମ୍,shivam,1.0,21
ਆਈਟੀ,it,1.0,21
ਟੈਕਨਾਲੋਜੀ,technology,1.0,21
ଲାଇଫ୍,life,1.0,21
ମାଇ,my,1.0,21
cnter,center,1.0,21
ସେଭେନ୍,seven,1.0,21
ଜୈନ,jain,1.0,21
urologycare,urology,1.0,21
കൃഷ്ണ,krishna,1.0,21
ਸ਼ਿਆਮ,shyam,1.0,21
ୱାନ୍,one,1.0,20
ਲੋਟਸ,lotus,1.0,20
ਹਾਈ,high,1.0,20
ଅରିହନ୍ତ,arihant,1.0,20
ਕ੍ਰਿਏਟਿਵ,creative,1.0,20
idnia,india,0.95,20
lnternal,internal,0.95,20
ଇଣ୍ଡୋ,indo,1.0,20
ਏਪੈਕਸ,apex,1.0,20
ବାବା,baba,1.0,20
ਹੋਟਲ,hotel,1.0,20
ਲਾਈਫ਼,life,1.0,20
ଗୁରୁ,guru,1.0,20
ਇਨਫ੍ਰਾ,infra,1.0,20
କୃଷ୍ଣ,krishna,1.0,20
ଭିଜନ୍,vision,1.0,20
cliic,clinic,1.0,20
lnterests,interests,1.0,19
ਸੈਵਨ,seven,1.0,19
ਗੁੱਡ,good,1.0,19
ପ୍ରିମିୟର୍,premier,1.0,19
ਸਿਲਵਰ,silver,1.0,19
ਵਨ,one,1.0,19
ਵਿਜ਼ਨ,vision,1.0,19
ଇନୋଭେଟିଭ୍,innovative,1.0,19
ਯੂਨੀਵਰਸਲ,universal,1.0,19
ਬਲੈਕ,black,1.0,19
familycenter,center,1.0,19
ਡਿਜੀਟਲ,digital,1.0,19
tust,trust,0.9474,19
ਇਨੋਵੇਟਿਵ,innovative,1.0,19
ਅਲਫ਼ਾ,alpha,1.0,19
ਜੈਨ,jain,1.0,19
ରାଇଜ୍,sunrise,1.0,19
lnfratech,infratech,1.0,18
ଡିଜିଟାଲ୍,digital,1.0,18
lii,iii,1.0,18
capltal,capital,1.0,18
y0u,you,1.0,18
ਇੰਡੀਅਨ,indian,1.0,18
ਬੈਸਟ,best,1.0,18
ਨਿਊ,new,1.0,18
orthopediccare,orthopedic,1.0,18
halth,health,1.0,18
ୟୁନାଇଟେଡ୍,united,1.0,18
lntelligence,intelligence,1.0,18
ଗ୍ରେଟ୍,great,1.0,18
physicaltherapycare,therapy,1.0,18
ବ୍ଲାକ୍,black,1.0,18
propertie,properties,1.0,18
ଆଦିତ୍ୟ,aditya,1.0,18
ceter,center,0.8889,18
ਆਦਿਤਿਆ,aditya,1.0,18
ਹਾਈਟੈਕ,hitech,1.0,17
ରେଡ୍,red,1.0,17
surgicalcare,surgical,1.0,17
ନ୍ୟୁ,new,1.0,17
ୟୁନିଭର୍ସାଲ୍,universal,1.0,17
ଫ୍ୟୁଚର୍,future,1.0,17
pedlatric,pediatric,1.0,17
ਤਿਰੂਪਤੀ,tirupati,1.0,17
ਸਨਰਾਈਜ਼,sunrise,1.0,17
ਸ਼ਿਵਮ,shivam,1.0,17
ਸ਼ਕਤੀ,shakti,1.0,17
famlly,family,1.0,17
ରିଅଲ୍,real,1.0,17
ସୁପର୍,super,1.0,17
ਕੰਸਟ੍ਰਕਸ਼ਨ,construction,1.0,17
ਬਲੂ,blue,1.0,16
ਰੀਅਲ,real,1.0,16
ਪ੍ਰਾਈਮ,prime,1.0,16
ਭਾਰਤ,bharat,1.0,16
ਡਾਇਨਾਮਿਕ,dynamic,1.0,16
ਬ੍ਰਾਈਟ,bright,1.0,16
trst,trust,1.0,16
ଶ୍ୟାମ,shyam,1.0,16
ਸਮਾਰਟ,smart,1.0,16
ਸਕਾਈ,sky,1.0,16
ସୁପ୍ରିମ୍,supreme,1.0,16
ਬਾਬਾ,baba,1.0,16
ਸੁਪਰੀਮ,supreme,1.0,16
ਫਿਊਚਰ,future,1.0,16
familycare,family,1.0,16
ଓଁ,om,1.0,16
ਮਾਡਰਨ,modern,1.0,16
dentistrypediatric,pediatric,1.0,16
mainstreet,main,1.0,15
ਗੁਰੂ,guru,1.0,15
ਵਿਜੈ,vijay,1.0,15
ଗାଲାକ୍ସି,galaxy,1.0,15
dentalcare,care,1.0,15
ਰਾਜ,raj,1.0,15
tradng,trading,1.0,15
କ୍ଲାସିକ୍,classic,1.0,15
ସାଇ,sai,1.0,15
orthopedicphysicians,physicians,1.0,15
ਕਲਾਸਿਕ,classic,1.0,15
oncologymedicine,medicine,1.0,15
tch,tech,1.0,15
ਗ੍ਰੀਨ,green,1.0,15
backalley,back,0.9333,15
ਸ਼ਿਵ,shiv,1.0,15
ୟୁନିକ୍,unique,1.0,15
ସ୍କାଇ,sky,1.0,15
ਡ੍ਰੀਮ,dream,1.0,15
healh,health,1.0,15
ਸ਼ਿਵਾ,shiva,1.0,15
commissionon,commission,1.0,15
ਰੈੱਡ,red,1.0,14
asociates,associates,1.0,14
ਸਟਾਰ,star,1.0,14
ହାଇ,high,1.0,14
ଇଷ୍ଟର୍ନ୍,eastern,1.0,14
cgre,care,0.8571,14
ନର୍ଥ,north,1.0,14
ਸਦਰਨ,southern,1.0,14
ବିଗ୍,big,1.0,14
ਰਾਮ,ram,1.0,14
ਗੋਲਡਨ,golden,1.0,14
dermatologycare,dermatology,1.0,14
tradlng,trading,1.0,14
dentalspecialists,dental,1.0,14
ਗ੍ਰੇਟ,great,1.0,14
chiropracticcareassociates,chiropractic,1.0,14
clinc,clinic,1.0,14
womenshealthclinic,health,1.0,14
ਰਾਇਲ,royal,1.0,14
ସିଟି,city,1.0,14
oncologyspecialists,oncology,1.0,14
caae,care,0.7143,14
fods,foods,0.9231,13
ਪਾਇਨੀਅਰ,pioneer,1.0,13
8io,bio,1.0,13
ਫਰਸਟ,first,1.0,13
shool,school,1.0,13
surgicalhealth,health,1.0,13
sosn,sons,1.0,13
patners,partners,1.0,13
ବ୍ରାଇଟ୍,bright,1.0,13
ceer,center,0.6154,13
5pa,spa,1.0,13
jone,jones,1.0,13
cetner,center,1.0,13
behavioralhealthphysicians,health,1.0,13
dentalpediatric,dental,1.0,13
fankle,foot,1.0,13
dentalclinic,clinic,1.0,13
cter,center,0.5385,13
cener,center,1.0,13
visioncare,vision,1.0,13
straightedge,straight,1.0,13
revit,up,1.0,13
laboratorie,laboratories,1.0,13
urgentcarespecialists,urgent,1.0,13
eyecareassociates,eye,1.0,13
behavioralhealthcare,health,1.0,13
helth,health,1.0,12
urgentcaremedicine,medicine,1.0,12
ਯੂਨਾਈਟਿਡ,united,1.0,12
ଇଷ୍ଟ୍,east,1.0,12
pediatricphysicians,physicians,1.0,12
cie,care,0.6667,12
lron,iron,0.9167,12
fysicians,physicians,1.0,12
ਹਰੀ,hari,1.0,12
pediatricdentistrycare,care,1.0,12
trding,trading,1.0,12
ସାଉଥର୍ନ୍,southern,1.0,12
physicaltherapymedicine,medicine,1.0,12
pediatricdentalassociates,associates,1.0,12
womenshealthspecialists,health,1.0,12
oncologycare,care,1.0,12
prtners,partners,1.0,12
ਸੁਪਰ,super,1.0,12
chiropracticpartners,chiropractic,1.0,12
physicaltherapyspecialists,therapy,1.0,12
cardiologyassociates,cardiology,1.0,12
humanrights,human,1.0,12
ਰੌਇਲ,royal,1.0,12
familypartners,family,1.0,12
urgentcareassociates,care,1.0,12
dentalhealth,health,1.0,12
womenshealthgroup,group,1.0,12
clic,clinic,1.0,12
pediatricdentalclinic,clinic,1.0,12
indai,india,1.0,12
visionpartners,vision,1.0,12
behavioralhealthassociates,health,1.0,12
enginiring,engineering,1.0,12
chiropractichealth,chiropractic,1.0,12
ਬੰਬੇ,bombay,1.0,12
orthopediccenter,center,1.0,11
ଗୁଜରାଟ,gujarat,1.0,11
trut,trust,1.0,11
cllnic,clinic,1.0,11
cdre,care,0.9091,11
ਅਰਬਨ,urban,1.0,11
behavioralhealthcenter,health,1.0,11
cenetr,center,0.9091,11
visionphysicians,vision,1.0,11
ଅର୍ବାନ୍,urban,1.0,11
schol,school,1.0,11
6as,gas,1.0,11
cenr,center,0.9091,11
pediatricmedicine,medicine,1.0,11
ਬਾਲਾਜੀ,balaji,1.0,11
dentalphysicians,dental,1.0,11
ministrie,ministries,1.0,11
ଗୋଲ୍ଡ୍,gold,1.0,11
pediatricassociates,associates,1.0,11
cte,care,0.6364,11
ਗੁਜਰਾਤ,gujarat,1.0,11
earnosethroatcom,throat,1.0,11
cardiologycenter,center,1.0,11
primarycarepartners,partners,1.0,11
ਸਿਟੀ,city,1.0,11
ଲୋଟସ୍,lotus,1.0,11
internalmedicinecenter,medicine,1.0,11
familyclinic,clinic,1.0,11
ਪਰਫੈਕਟ,perfect,1.0,11
ec0,eco,1.0,11
partnrs,partners,1.0,11
urologyclinic,urology,1.0,11
surgicalphysicians,surgical,1.0,11
primarycareclinic,clinic,1.0,11
ଇଣ୍ଡିଆନ୍,indian,1.0,11
behavioralhealthmedicine,health,1.0,11
tut,trust,1.0,11
cmre,care,0.7273,11
pediatricdentalcare,care,1.0,11
lsrael,israel,1.0,11
f0x,fox,1.0,11
ਵ੍ਹਾਈਟ,white,1.0,11
pediatricdentalphysicians,dental,1.0,10
gobal,global,1.0,10
c0x,cox,0.9,10
cliinc,clinic,1.0,10
ਐੱਸਐੱਸ,ss,1.0,10
brthers,brothers,1.0,10
visionmedicine,vision,1.0,10
medla,media,1.0,10
pediatrichealth,health,1.0,10
officetransportation,office,1.0,10
lnfinite,infinite,1.0,10
pilate,pilates,0.9,10
oncologycenter,center,1.0,10
ੴ,om,1.0,10
ବମ୍ବେ,bombay,1.0,10
schul,school,1.0,10
ଗୁଡ୍,good,1.0,10
dermatologyspecialists,dermatology,1.0,10
careurgent,urgent,1.0,10
primarycaregroup,group,1.0,10
pediatricpartners,partners,1.0,10
cardiologycare,cardiology,1.0,10
idai,india,0.9,10
oncologyhealth,health,1.0,10
eyecenter,eye,1.0,10
cfae,care,0.6,10
mumbaiindia,india,1.0,10
unon,union,1.0,10
behavioralhealthgroup,group,1.0,10
pediatricspecialists,pediatric,1.0,10
pediatricdentalcenter,center,1.0,10
infa,india,0.6,10
orthopedicmedicine,medicine,1.0,10
ਅਲ,al,1.0,10
tw0,two,0.8,10
tumer,turner,1.0,10
haelth,health,1.0,10
urologycareassociates,urology,1.0,10
srvices,services,1.0,10
urologymedicine,urology,1.0,10
creatlve,creative,1.0,10
physicaltherapyclinic,clinic,1.0,10
pediatricdentalhealth,health,1.0,10
clnic,clinic,1.0,10
footanklepartners,partners,1.0,10
urgentcarepartners,urgent,1.0,10
familyhealth,health,1.0,10
nidia,india,1.0,10
assoclates,associates,1.0,10
urgentcarecenter,center,1.0,10
urgentcarephysicians,urgent,1.0,10
primarycarecenter,center,1.0,9
ccre,care,0.7778,9
visionclinic,clinic,1.0,9
solutlons,solutions,1.0,9
snos,sons,1.0,9
behavioralhealthspecialists,behavioral,1.0,9
servces,services,1.0,9
chre,care,0.8889,9
lndore,indore,1.0,9
eyeclinic,clinic,0.8889,9
serices,services,1.0,9
inra,infra,1.0,9
pediatricdentalpartners,partners,1.0,9
ସାଉଥ୍,south,1.0,9
premler,premier,1.0,9
t0p,top,1.0,9
bangalorenorth,bangalore,1.0,9
agor,agro,0.8889,9
familygroup,group,1.0,9
parnters,partners,1.0,9
valey,valley,1.0,9
chiropracticcare,chiropractic,1.0,9
ଓମ୍,om,1.0,9
visionassociates,vision,1.0,9
brothrs,brothers,1.0,9
urgentcarehealth,health,1.0,9
clniic,clinic,1.0,9
ମା,maa,1.0,9
careprimary,primary,1.0,9
chiropracticassociates,chiropractic,1.0,9
pratners,partners,1.0,9
idna,india,1.0,9
ਸਾਊਥ,south,1.0,9
partnres,partners,1.0,9
clnc,clinic,1.0,9
ciic,clinic,1.0,9
internalmedicinespecialists,internal,1.0,9
riup,up,1.0,9
ssons,sons,1.0,9
cnre,care,0.7778,9
familyspecialists,family,1.0,9
ਸੂਰਜ,surya,1.0,9
trinitychurch,church,1.0,9
ਨੌਰਥ,north,1.0,9
footanklecare,foot,1.0,9
orthopediccareassociates,care,1.0,9
chiropracticspecialists,chiropractic,1.0,9
inai,india,1.0,9
asscoiates,associates,1.0,9
chiropracticmedicine,chiropractic,1.0,9
caef,cafe,0.7778,9
internalmedicinegroup,group,1.0,9
behavioralhealthclinic,health,1.0,9
heatlh,health,1.0,8
dentalcareassociates,care,1.0,8
gren,green,0.875,8
assciates,associates,1.0,8
pralrie,prairie,1.0,8
lnnovation,innovation,1.0,8
brotehrs,brothers,1.0,8
surgicalcenter,center,1.0,8
cardiologypartners,cardiology,1.0,8
dermatologyassociates,dermatology,1.0,8
ହାଇଟେକ୍,hitech,1.0,8
surgicalcareassociates,care,1.0,8
ctre,care,0.625,8
taders,traders,1.0,8
prlmary,primary,1.0,8
foundatlon,foundation,0.875,8
fos,foods,1.0,8
unlted,united,0.875,8
trdaing,trading,1.0,8
lnteractive,interactive,1.0,8
chuch,church,1.0,8
internalmedicinepartners,medicine,1.0,8
urologyspecialists,urology,1.0,8
tradig,trading,1.0,8
lmperii,imperii,1.0,8
ମାଆ,maa,1.0,8
ceetr,center,0.875,8
grin,green,1.0,8
colege,college,1.0,8
iina,india,1.0,8
technologles,technologies,1.0,8
acadey,academy,1.0,8
pime,prime,0.625,8
internalmedicineclinic,clinic,1.0,8
pulic,public,1.0,8
surgicalclinic,clinic,1.0,8
dermatologypartners,dermatology,1.0,8
lthax,ithax,1.0,8
oncologycareassociates,care,1.0,8
womenshealthphysicians,health,1.0,8
internalmedicinecare,medicine,1.0,8
surgicalpartners,surgical,1.0,8
christsynagogue,synagogue,1.0,8
lnformation,information,1.0,8
ਨਾਰਥ,north,1.0,8
frontler,frontier,1.0,8
soltions,solutions,1.0,8
healtcare,healthcare,1.0,8
eyegroup,group,0.75,8
physicaltherapypartners,therapy,1.0,8
hypnosi,hypnosis,1.0,8
holdlngs,holdings,1.0,8
primarycarespecialists,primary,1.0,8
lris,iris,1.0,8
happydeli,deli,1.0,8
cinic,clinic,1.0,8
cardiologyphysicians,cardiology,1.0,8
economicdevelopment,economic,1.0,8
eyephysicians,eye,1.0,8
patrners,partners,1.0,8
sllver,silver,0.875,8
lndex,index,1.0,8
dentalmedicine,medicine,1.0,8
parners,partners,0.875,8
pediatriccenter,center,1.0,8
cardiologymedicine,medicine,1.0,8
urologyhealth,urology,1.0,8
scool,school,1.0,8
officefinance,office,1.0,8
littlehairstudio,little,1.0,7
delhinew,delhi,1.0,7
tading,trading,1.0,7
ca1,cal,1.0,7
bignails,nails,0.8571,7
visionhealth,health,1.0,7
medcal,medical,1.0,7
globl,global,1.0,7
womenshealthpartners,partners,1.0,7
stae,state,0.8571,7
urologygroup,urology,1.0,7
hme,home,1.0,7
womenshealthmedicine,health,1.0,7
companie,companies,1.0,7
truts,trust,1.0,7
sweetbarbershop,sweet,1.0,7
cardiologygroup,group,1.0,7
orthopedlc,orthopedic,1.0,7
vehide,vehicle,1.0,7
shreetrading,shree,1.0,7
urgentcareclinic,urgent,1.0,7
caoe,care,0.7143,7
csre,care,0.7143,7
ago,agro,1.0,7
amerlcan,american,0.8571,7
surgicalspecialists,surgical,1.0,7
globla,global,0.8571,7
pediatriccare,care,1.0,7
sfe,safe,0.7143,7
delhl,delhi,1.0,7
6ss,gss,1.0,7
eyeassociates,eye,1.0,7
internalmedicinephysicians,medicine,1.0,7
brothres,brothers,1.0,7
ri0,rio,1.0,7
aor,agro,0.8571,7
amold,arnold,1.0,7
fudn,fund,1.0,7
piza,pizza,1.0,7
unlfied,unified,1.0,7
lantem,lantern,1.0,7
pediatricdentistrypartners,partners,1.0,7
orthopedicassociates,orthopedic,1.0,7
chiropracticclinic,chiropractic,1.0,7
ਫਸਟ,first,1.0,7
0il,oil,1.0,7
footankleclinic,clinic,1.0,7
dermatologycenter,center,1.0,7
physicaltherapyphysicians,physical,1.0,7
ਸੂਰਿਆ,surya,1.0,7
caie,care,0.8571,7
6en,gen,1.0,7
pediatricdentistrymedicine,medicine,1.0,7
cozypub,cozy,1.0,7
enterprses,enterprises,1.0,7
urgentcaregroup,group,1.0,7
hlghland,highland,1.0,7
cetr,center,1.0,7
ਈਸਟਰਨ,eastern,1.0,7
plnnacle,pinnacle,1.0,7
primarycarephysicians,primary,1.0,7
cardiologyclinic,clinic,1.0,7
lmperial,imperial,1.0,7
ਸਾਈਂ,sai,1.0,7
fellowsip,fellowship,1.0,7
fumiture,furniture,1.0,7
traers,traders,1.0,7
associtaes,associates,1.0,7
familyphysicians,family,1.0,7
chiropracticcenter,chiropractic,1.0,7
bi0,bio,1.0,7
assoc,associates,1.0,7
animalwelfare,welfare,1.0,7
helh,health,1.0,7
communitycenter,center,1.0,7
chlropractic,chiropractic,1.0,7
bricklayer,bricklayers,0.5714,7
ciae,care,0.8571,7
oncologyphysicians,oncology,1.0,7
tatoo,tattoo,1.0,7
footanklegroup,group,1.0,7
herltage,heritage,1.0,7
cardiologyspecialists,cardiology,1.0,7
cetre,center,0.5714,7
backalleyice,ice,1.0,7
5ea,sea,1.0,7
physlcal,physical,1.0,7
officeenvironmentalprotection,office,1.0,7
primarycaremedicine,medicine,1.0,7
ਮਾਈ,my,1.0,7
ventres,ventures,1.0,7
ਵਾਈਟ,white,1.0,7
cbae,care,0.7143,7
primarycarehealth,care,1.0,7
trders,traders,1.0,7
familyassociates,family,1.0,7
cneter,center,1.0,7
pediatricdentistryhealth,health,1.0,7
halr,hair,0.8571,7
medai,media,1.0,7
dermatologyclinic,clinic,1.0,7
uptownbarbershop,uptown,1.0,6
ceae,care,0.6667,6
footanklecenter,foot,1.0,6
locl,local,1.0,6
cear,care,1.0,6
bigbikeshop,shop,1.0,6
careassociates,care,1.0,6
urologypartners,urology,1.0,6
associatse,associates,1.0,6
lnteriors,interiors,1.0,6
partenrs,partners,1.0,6
cire,care,0.8333,6
quallty,quality,1.0,6
footanklephysicians,foot,1.0,6
divisioneducation,of,1.0,6
dermatologycareassociates,care,1.0,6
charitie,charities,1.0,6
firefightersunionlocal,no,1.0,6
pediatricclinic,clinic,1.0,6
ze0,zeo,1.0,6
retum,return,1.0,6
pediatricdentistryspecialists,pediatric,1.0,6
felowship,fellowship,1.0,6
mldwest,midwest,1.0,6
terapy,therapy,1.0,6
womenshealthassociates,health,1.0,6
institutetechnology,of,1.0,6
purecyde,purecycle,1.0,6
goldentattoo,golden,1.0,6
serivces,services,1.0,6
wors,works,1.0,6
platlnum,platinum,1.0,6
eyehealth,health,1.0,6
lndependence,independence,1.0,6
6sr,gsr,1.0,6
flrst,first,1.0,6
cntre,center,1.0,6
cir,care,1.0,6
eyepartners,eye,1.0,6
lntermediate,intermediate,1.0,6
assoiates,associates,1.0,6
hlth,health,1.0,6
hospial,hospital,1.0,6
ਸ਼੍ਰੀ,shree,1.0,6
departmentmotorvehicles,department,1.0,6
dassic,classic,1.0,6
pediatricdentistrygroup,group,1.0,6
assocites,associates,1.0,6
scoiety,society,1.0,6
footanklespecialists,foot,1.0,6
bums,burns,1.0,6
traidng,trading,1.0,6
coffi,coffee,1.0,6
sterllng,sterling,1.0,6
sociey,society,1.0,6
boardbuildings,of,1.0,6
uptownhypnosis,uptown,1.0,6
ble,blue,0.6667,6
pediatricdentalspecialists,pediatric,1.0,6
fuds,foods,1.0,6
5e,se,0.6667,6
surgicalassociates,surgical,1.0,6
visioncenter,vision,1.0,6
lnfo,info,1.0,6
urologycenter,urology,1.0,6
8sp,bsp,1.0,6
associaets,associates,1.0,6
behavioralhealthpartners,health,1.0,6
crte,care,0.8333,6
cardiologycareassociates,care,1.0,6
associaes,associates,1.0,6
twistedcoffee,twisted,1.0,6
lnfrastructures,infrastructures,1.0,6
christcathedral,cathedral,1.0,6
physicaltherapyhealth,health,1.0,6
dentalcenter,center,1.0,6
clae,care,0.6667,6
familymedicine,medicine,1.0,6
dentalassociates,associates,1.0,6
ਓਮ,om,1.0,6
ਬੌਂਬੇ,bombay,1.0,6
uion,union,1.0,6
woks,works,1.0,6
j0,jo,1.0,6
boardhealth,health,1.0,6
oncologyclinic,clinic,1.0,6
orthopedicspecialists,orthopedic,1.0,6
traedrs,traders,1.0,6
oncologyassociates,associates,1.0,6
healht,health,1.0,6
cenre,center,0.5,6
solutinos,solutions,1.0,6
atlantlc,atlantic,1.0,6
cace,care,0.8333,6
dermatologygroup,group,1.0,6
dermatologymedicine,medicine,1.0,6
gloal,global,0.8333,6
maidseafood,seafood,1.0,6
5g,sg,0.8333,6
uptowncoffee,uptown,1.0,6
clici,clinic,0.8333,6
brohers,brothers,1.0,6
luckypizza,lucky,1.0,6
troat,throat,1.0,6
orthopedicpartners,orthopedic,1.0,6
prlme,prime,0.6667,6
firefighterslocalunion,local,1.0,6
traing,trading,1.0,6
asosciates,associates,1.0,6
trsut,trust,1.0,6
cneer,center,0.8333,6
luckybakery,bakery,1.0,6
unin,union,1.0,6
insttiute,institute,1.0,5
autismassistanceprogram,autism,1.0,5
blueassociation,blue,1.0,5
llberty,liberty,1.0,5
teamsterslocalunion,local,1.0,5
shcool,school,1.0,5
8ny,bny,1.0,5
tsrt,trust,1.0,5
ipex,impex,1.0,5
pionir,pioneer,1.0,5
internalmedicineassociates,medicine,1.0,5
goldentavern,golden,1.0,5
backalleyhair,back,1.0,5
eenrgy,energy,1.0,5
teamstersunionlocal,no,1.0,5
gloabl,global,1.0,5
svcs,services,1.0,5
lnvestors,investors,1.0,5
femandez,fernandez,1.0,5
dynamlc,dynamic,1.0,5
parters,partners,1.0,5
agencie,agencies,1.0,5
24hrlocksmith,24hr,1.0,5
califomia,california,1.0,5
departmenttransportation,of,1.0,5
cnic,clinic,1.0,5
inad,india,0.8,5
assetbuilding,building,1.0,5
servcies,services,1.0,5
8rc,brc,1.0,5
maln,main,0.8,5
5es,ses,1.0,5
specialistsvision,vision,1.0,5
freshtattoo,fresh,1.0,5
satr,star,0.8,5
tehcnology,technology,1.0,5
cardiologyhealth,health,1.0,5
infar,infra,1.0,5
acaemy,academy,1.0,5
urbantavern,urban,1.0,5
ifna,infra,0.8,5
cago,cargo,0.8,5
mdia,media,1.0,5
founation,foundation,1.0,5
gracezion,zion,1.0,5
lotu,lotus,1.0,5
physicaltherapygroup,group,1.0,5
maidtavern,tavern,1.0,5
bricklayersunionlocal,no,1.0,5
indoia,india,0.8,5
acdemy,academy,1.0,5
ev0,evo,1.0,5
ldea,idea,0.8,5
downtowntavern,downtown,1.0,5
visiongroup,group,1.0,5
lndus,indus,1.0,5
newtork,network,1.0,5
bets,best,0.8,5
caaer,care,1.0,5
ssolutions,solutions,1.0,5
golbal,global,1.0,5
cornerpizza,corner,1.0,5
dentalpartners,partners,1.0,5
commitee,committee,1.0,5
caare,care,1.0,5
tsut,trust,1.0,5
commissiononpublic,commission,1.0,5
colonlal,colonial,1.0,5
8nb,bnb,1.0,5
avisors,advisors,1.0,5
urbandiner,diner,1.0,5
8m,bm,1.0,5
deil,deli,0.6,5
intemet,internet,1.0,5
ifra,infra,1.0,5
0yj,oyj,1.0,5
llttle,little,1.0,5
turst,trust,1.0,5
vemal,vernal,1.0,5
5a,sa,1.0,5
officepublicworks,office,1.0,5
ventrues,ventures,1.0,5
nidi,india,1.0,5
capial,capital,1.0,5
assocates,associates,1.0,5
footanklehealth,health,1.0,5
vlsion,vision,1.0,5
tir,state,0.8,5
reddiner,red,0.8,5
dehi,delhi,1.0,5
departmentsanitation,sanitation,1.0,5
assn,association,0.8,5
partnesr,partners,1.0,5
cinci,clinic,1.0,5
clinci,clinic,1.0,5
dlei,deli,0.8,5
lnfinity,infinity,1.0,5
assocaites,associates,1.0,5
lnvest,invest,1.0,5
templesynagogue,synagogue,1.0,5
orthopedichealth,health,1.0,5
physicaltherapycenter,center,1.0,5
asociation,association,1.0,5
iida,india,1.0,5
ciare,care,1.0,5
certlfied,certified,1.0,5
mumbaiservices,services,1.0,5
endave,enclave,1.0,5
poewr,power,1.0,5
visioncareassociates,vision,1.0,5
redtavern,red,1.0,5
5im,sim,1.0,5
oi1,oil,1.0,5
tehc,tech,1.0,5
dntal,dental,1.0,5
congregationchurch,church,1.0,5
tceh,tech,1.0,5
cilnic,clinic,1.0,5
8ce,bce,1.0,5
ਸਾਈ,sai,1.0,5
glbal,global,1.0,5
lmaging,imaging,1.0,5
classlc,classic,0.8,5
pediatricdentistryassociates,associates,1.0,5
emakulam,ernakulam,1.0,5
lmprovements,improvements,1.0,5
tarders,traders,1.0,5
summlt,summit,1.0,5
gracecathedral,cathedral,1.0,5
