file,country,rows,length_mean,length_p50,length_p95,word_count_mean,word_count_p50,word_count_p95,comma_components_mean,comma_components_p50,comma_components_p95,digit_count_mean,digit_count_p50,digit_count_p95,special_char_count_mean,special_char_count_p50,special_char_count_p95,pct_all_upper,pct_five_digit_code,pct_six_digit_pin,pct_street_abbrev,pct_street_full,pct_landmark,pct_house_number_label,pct_unit_or_floor,pct_null_component,pct_hash_sign,pct_ends_with_state_code,pct_french_street_word,pct_non_ascii
train_source1.tsv,ALL,2206821,52.07,41.0,103.0,8.03,7.0,15.0,4.16,3.0,8.0,4.04,4.0,8.0,3.89,2.0,10.0,0.0,6.6,0.47,4.03,62.63,5.38,8.69,16.7,0.0,0.75,51.82,0.01,0.03
train_source1.tsv,India,883188,77.7,76.0,116.0,11.23,11.0,18.0,5.66,5.0,9.0,3.86,3.0,9.0,6.46,6.0,11.0,0.0,0.27,0.32,5.34,30.71,13.44,21.72,20.62,0.0,1.36,0.0,0.01,0.06
train_source1.tsv,US,1323633,34.96,34.0,48.0,5.9,6.0,8.0,3.16,3.0,4.0,4.17,4.0,7.0,2.18,2.0,3.0,0.0,10.82,0.57,3.16,83.93,0.01,0.0,14.08,0.0,0.35,86.39,0.01,0.0
train_source2.tsv,ALL,4865649,47.83,37.0,97.0,7.54,6.0,15.0,3.84,3.0,7.0,4.02,4.0,8.0,4.59,3.0,14.0,65.58,6.73,1.48,29.87,33.5,4.77,10.27,7.47,2.71,7.85,51.67,0.01,9.83
train_source2.tsv,India,1959953,70.21,69.0,110.0,10.37,10.0,17.0,4.98,5.0,8.0,4.2,4.0,9.0,7.98,7.0,17.0,24.57,1.1,1.01,4.8,27.25,11.83,25.5,18.54,2.26,11.44,0.01,0.02,24.41
train_source2.tsv,US,2905696,32.74,32.0,44.0,5.63,5.0,7.0,3.07,3.0,4.0,3.89,4.0,8.0,2.31,2.0,4.0,93.25,10.52,1.8,46.78,37.71,0.01,0.0,0.01,3.01,5.42,86.52,0.01,0.0
train_source3.tsv,ALL,5109687,48.32,42.0,92.0,7.42,6.0,14.0,3.86,3.0,7.0,4.03,4.0,8.0,4.52,3.0,14.0,0.02,6.73,1.43,27.82,32.52,3.61,9.56,10.23,2.56,10.63,26.21,0.01,9.33
train_source3.tsv,India,2050599,60.98,60.0,106.0,9.4,9.0,17.0,4.85,4.0,8.0,3.89,3.0,9.0,7.56,6.0,16.0,0.04,1.03,0.96,3.76,21.26,8.99,23.83,14.9,2.12,10.78,58.94,0.02,23.24
train_source3.tsv,US,3059088,39.84,39.0,53.0,6.09,6.0,9.0,3.19,3.0,4.0,4.12,4.0,8.0,2.48,2.0,4.0,0.0,10.54,1.75,43.94,40.07,0.01,0.0,7.1,2.86,10.53,4.26,0.01,0.0
test_source1.tsv,ALL,1732544,57.21,50.0,105.0,8.59,8.0,16.0,4.31,4.0,8.0,3.69,3.0,8.0,4.43,4.0,10.0,0.0,4.32,0.37,3.7,48.83,6.28,10.14,15.06,0.0,0.77,33.05,11.27,4.26
test_source1.tsv,France,259452,50.07,48.0,65.0,7.22,7.0,11.0,3.04,3.0,3.0,1.97,2.0,3.0,3.83,4.0,6.0,0.0,0.39,0.02,0.18,15.54,0.0,0.0,0.14,0.0,0.0,0.0,75.19,28.27
test_source1.tsv,India,809986,77.71,76.0,116.0,11.23,11.0,18.0,5.66,6.0,9.0,3.86,3.0,9.0,6.46,6.0,11.0,0.0,0.26,0.33,5.28,30.8,13.42,21.68,20.6,0.0,1.36,0.0,0.01,0.06
test_source1.tsv,US,663106,34.97,34.0,48.0,5.9,6.0,8.0,3.16,3.0,4.0,4.17,4.0,7.0,2.18,2.0,3.0,0.0,10.82,0.56,3.15,83.88,0.01,0.0,14.13,0.0,0.34,86.36,0.01,0.0
test_source2.tsv,ALL,4757865,51.78,43.0,99.0,8.01,7.0,15.0,3.93,3.0,7.0,3.82,3.0,8.0,5.12,3.0,15.0,51.54,4.65,1.18,20.64,28.63,5.62,12.3,8.82,2.22,8.23,33.06,6.65,15.15
test_source2.tsv,France,681841,40.8,41.0,60.0,6.38,6.0,10.0,2.69,3.0,3.0,2.0,2.0,3.0,3.09,3.0,6.0,29.89,0.51,0.02,3.88,8.8,0.0,0.0,0.15,0.0,3.43,0.0,46.32,24.81
test_source2.tsv,India,2259801,70.35,69.0,110.0,10.4,10.0,17.0,4.98,5.0,8.0,4.26,4.0,9.0,7.99,7.0,17.0,24.56,1.07,1.01,4.73,27.32,11.81,25.91,18.51,2.24,11.9,0.01,0.02,24.4
test_source2.tsv,US,1816223,32.81,32.0,44.0,5.64,5.0,7.0,3.07,3.0,4.0,3.95,4.0,8.0,2.31,2.0,4.0,93.23,10.65,1.82,46.72,37.72,0.01,0.0,0.01,3.02,5.48,86.59,0.01,0.0
test_source3.tsv,ALL,4946218,50.08,44.0,95.0,7.72,7.0,15.0,3.91,3.0,7.0,3.75,3.0,8.0,5.0,4.0,14.0,0.02,4.64,1.14,19.23,26.45,4.22,11.52,9.73,2.13,9.93,29.58,6.83,14.74
test_source3.tsv,France,710074,41.18,41.0,60.0,6.42,6.0,10.0,2.71,3.0,3.0,1.99,2.0,3.0,3.12,3.0,6.0,0.0,0.53,0.02,3.74,9.09,0.0,0.0,0.15,0.0,3.29,0.0,47.52,25.06
test_source3.tsv,India,2345760,60.92,59.0,106.0,9.41,9.0,17.0,4.84,4.0,8.0,3.94,3.0,9.0,7.58,6.0,16.0,0.04,0.98,0.97,3.7,21.16,8.88,24.29,14.79,2.18,11.32,59.6,0.02,23.5
test_source3.tsv,US,1890384,39.97,39.0,54.0,6.11,6.0,9.0,3.2,3.0,4.0,4.18,4.0,8.0,2.49,2.0,4.0,0.0,10.71,1.78,44.32,39.55,0.01,0.0,7.03,2.88,10.7,3.45,0.01,0.0
