file,column,rows,nan,blank,placeholder_value,missing_like,percentage,embedded_placeholder_component
train_source1.tsv,business_name,2206821,0,0,0,0,0.0,2
train_source1.tsv,business_address,2206821,0,0,0,0,0.0,343
train_source1.tsv,country,2206821,0,0,0,0,0.0,0
train_source2.tsv,business_name,5034616,2,0,4,6,0.0001,13
train_source2.tsv,business_address,5034616,168967,0,0,168967,3.3561,132286
train_source2.tsv,country,5034616,0,0,0,0,0.0,0
train_source3.tsv,business_name,5285603,13,0,5,18,0.0003,7
train_source3.tsv,business_address,5285603,175916,0,0,175916,3.3282,131505
train_source3.tsv,country,5285603,0,0,0,0,0.0,0
test_source1.tsv,business_name,1732544,0,0,0,0,0.0,1
test_source1.tsv,business_address,1732544,0,0,0,0,0.0,327
test_source1.tsv,country,1732544,0,0,0,0,0.0,0
test_source2.tsv,business_name,4887273,46,0,3,49,0.001,2
test_source2.tsv,business_address,4887273,129408,0,0,129408,2.6479,106120
test_source2.tsv,country,4887273,0,0,0,0,0.0,0
test_source3.tsv,business_name,5082316,59,0,2,61,0.0012,5
test_source3.tsv,business_address,5082316,136098,0,0,136098,2.6779,106061
test_source3.tsv,country,5082316,0,0,0,0,0.0,0
