file,country,rows,length_mean,length_p50,length_p95,word_count_mean,word_count_p50,word_count_p95,digit_count_mean,digit_count_p50,digit_count_p95,special_char_count_mean,special_char_count_p50,special_char_count_p95,pct_all_upper,pct_all_lower,pct_legal_suffix,pct_ampersand,pct_word_and,pct_dba_aka,pct_domain,pct_parentheses,pct_trailing_comma,pct_has_digit,pct_non_ascii,pct_dotted_initials
train_source1.tsv,ALL,2206821,24.03,24.0,37.0,3.55,4.0,5.0,0.04,0.0,0.0,0.36,0.0,2.0,0.0,0.0,63.03,5.07,2.6,0.0,0.0,2.06,0.0,1.61,0.0,2.83
train_source1.tsv,India,883188,26.39,27.0,38.0,3.74,4.0,5.0,0.0,0.0,0.0,0.21,0.0,2.0,0.0,0.0,84.29,4.29,0.0,0.0,0.0,5.15,0.0,0.12,0.0,0.04
train_source1.tsv,US,1323633,22.47,22.0,35.0,3.42,3.0,5.0,0.07,0.0,0.0,0.46,0.0,2.0,0.0,0.0,48.85,5.59,4.33,0.0,0.0,0.0,0.0,2.61,0.0,4.7
train_source2.tsv,ALL,5034614,25.1,25.0,40.0,3.5,4.0,5.0,0.13,0.0,1.0,3.25,0.0,28.0,18.9,5.75,48.49,4.15,2.35,0.0,4.0,4.99,0.95,5.08,15.19,2.87
train_source2.tsv,India,2017799,27.42,27.0,42.0,3.71,4.0,5.0,0.08,0.0,0.0,6.95,1.0,33.0,14.94,4.36,57.05,3.37,0.13,0.0,3.4,7.27,0.0,3.1,27.87,0.65
train_source2.tsv,US,3016815,23.55,23.0,39.0,3.35,3.0,5.0,0.17,0.0,1.0,0.78,0.0,3.0,21.55,6.68,42.76,4.68,3.83,0.0,4.4,3.47,1.59,6.4,6.7,4.35
train_source3.tsv,ALL,5285590,25.2,25.0,42.0,3.53,4.0,6.0,0.13,0.0,1.0,2.08,0.0,11.0,2.96,6.25,50.99,4.1,2.31,1.39,3.99,5.1,0.86,5.12,11.48,2.93
train_source3.tsv,India,2115540,27.04,27.0,43.0,3.69,4.0,6.0,0.08,0.0,0.0,3.99,0.0,29.0,2.58,5.22,63.99,3.27,0.13,1.13,3.64,7.49,0.0,3.37,18.49,0.77
train_source3.tsv,US,3170050,23.98,23.0,40.0,3.42,3.0,6.0,0.16,0.0,1.0,0.8,0.0,3.0,3.2,6.93,42.32,4.66,3.77,1.57,4.22,3.51,1.44,6.3,6.8,4.36
test_source1.tsv,ALL,1732544,23.84,24.0,36.0,3.52,4.0,5.0,0.03,0.0,0.0,0.34,0.0,2.0,0.0,0.0,67.06,5.02,1.64,0.0,0.0,3.61,0.0,1.17,2.35,1.79
test_source1.tsv,France,259452,19.42,19.0,29.0,3.11,3.0,4.0,0.01,0.0,0.0,0.43,0.0,2.0,0.0,0.0,59.95,5.94,0.01,0.0,0.0,8.01,0.0,0.77,15.72,0.0
test_source1.tsv,India,809986,26.37,27.0,38.0,3.74,4.0,5.0,0.0,0.0,0.0,0.21,0.0,2.0,0.0,0.0,84.25,4.26,0.0,0.0,0.0,5.16,0.0,0.13,0.0,0.04
test_source1.tsv,US,663106,22.46,22.0,35.0,3.42,3.0,5.0,0.07,0.0,0.0,0.45,0.0,2.0,0.0,0.0,48.85,5.58,4.29,0.0,0.0,0.0,0.0,2.59,0.0,4.63
test_source2.tsv,ALL,4887227,25.7,25.0,42.0,3.59,4.0,5.0,0.1,0.0,0.0,3.78,0.0,29.0,17.49,5.03,51.26,4.27,1.53,0.0,3.19,5.94,0.57,3.89,18.99,2.72
test_source2.tsv,France,703333,21.1,20.0,35.0,3.1,3.0,5.0,0.02,0.0,0.0,0.83,0.0,3.0,20.8,6.54,44.88,5.87,0.01,0.0,3.49,8.66,0.0,1.11,24.54,5.45
test_source2.tsv,India,2312565,28.25,28.0,44.0,3.82,4.0,5.0,0.07,0.0,0.0,7.12,1.0,34.0,14.12,3.79,58.17,3.38,0.12,0.0,2.75,7.22,0.0,2.88,27.61,0.73
test_source2.tsv,US,1871329,24.29,24.0,39.0,3.48,3.0,6.0,0.16,0.0,1.0,0.75,0.0,3.0,20.42,5.98,45.11,4.76,3.84,0.0,3.63,3.33,1.48,6.18,6.25,4.17
test_source3.tsv,ALL,5082257,25.66,25.0,42.0,3.6,4.0,6.0,0.1,0.0,0.0,2.35,0.0,20.0,3.2,5.53,54.54,4.19,1.52,1.05,3.23,6.09,0.52,3.98,14.51,2.75
test_source3.tsv,France,731567,21.14,20.0,36.0,3.11,3.0,5.0,0.02,0.0,0.0,0.83,0.0,3.0,5.6,6.58,44.33,5.71,0.01,0.96,3.43,8.48,0.0,1.11,23.95,5.37
test_source3.tsv,India,2404989,27.87,28.0,44.0,3.8,4.0,6.0,0.08,0.0,0.0,4.1,0.0,30.0,2.47,4.6,65.58,3.31,0.12,0.89,2.96,7.51,0.0,3.17,18.21,0.81
test_source3.tsv,US,1945701,24.62,24.0,41.0,3.53,3.0,6.0,0.16,0.0,1.0,0.77,0.0,3.0,3.2,6.3,44.74,4.72,3.82,1.27,3.48,3.44,1.35,6.07,6.39,4.16
